ts,cmd_get,cmd_set,get_hits,get_misses,rcount,ravg,rp99,wcount,wavg,wp99,badcrc,err5,cpu_total,cpu_idle,re2ec,re2ea,re2ep99,we2ec,we2ea,we2ep99,radmit,wadmit,wret,waitenq,yields
1785578160.395716444,0,0,0,0,0,0,0,0,0,0,0,0,424059726,382389100,0,0,0,0,0,0,0,0,0,0,0
1785578161.416543212,0,0,0,0,0,0,0,0,0,0,0,0,424062787,382392094,0,0,0,0,0,0,0,0,0,0,0
1785578162.439155271,0,0,0,0,0,0,0,0,0,0,0,0,424065855,382395126,0,0,0,0,0,0,0,0,0,0,0
1785578163.459773615,0,0,0,0,0,0,0,0,0,0,0,0,424068916,382398171,0,0,0,0,0,0,0,0,0,0,0
1785578164.480562975,0,0,0,0,0,0,0,0,0,0,0,0,424071981,382401154,0,0,0,0,0,0,0,0,0,0,0
1785578165.502861639,0,0,0,0,0,0,0,0,0,0,0,0,424075044,382404201,0,0,0,0,0,0,0,0,0,0,0
1785578166.525023517,0,0,0,0,0,0,0,0,0,0,0,0,424078110,382407253,0,0,0,0,0,0,0,0,0,0,0
1785578167.547038445,0,0,0,0,0,0,0,0,0,0,0,0,424081174,382410232,0,0,0,0,0,0,0,0,0,0,0
1785578168.569371885,0,0,0,0,0,0,0,0,0,0,0,0,424084242,382413285,0,0,0,0,0,0,0,0,0,0,0
1785578169.589263326,0,0,0,0,0,0,0,0,0,0,0,0,424087305,382416308,0,0,0,0,0,0,0,0,0,0,0
1785578170.611836616,0,0,0,0,0,0,0,0,0,0,0,0,424090367,382419289,0,0,0,0,0,0,0,0,0,0,0
1785578171.634168452,0,0,0,0,0,0,0,0,0,0,0,0,424093435,382422341,0,0,0,0,0,0,0,0,0,0,0
1785578172.655503501,0,0,0,0,0,0,0,0,0,0,0,0,424096498,382425382,0,0,0,0,0,0,0,0,0,0,0
1785578173.677867807,0,0,0,0,0,0,0,0,0,0,0,0,424099563,382428373,0,0,0,0,0,0,0,0,0,0,0
1785578174.700669308,0,0,0,0,0,0,0,0,0,0,0,0,424102629,382431425,0,0,0,0,0,0,0,0,0,0,0
1785578175.722219840,0,0,0,0,0,0,0,0,0,0,0,0,424105693,382434437,0,0,0,0,0,0,0,0,0,0,0
1785578176.743029871,0,0,0,0,0,0,0,0,0,0,0,0,424108753,382437451,0,0,0,0,0,0,0,0,0,0,0
1785578177.765403329,0,0,0,0,0,0,0,0,0,0,0,0,424111820,382440503,0,0,0,0,0,0,0,0,0,0,0
1785578178.786754073,0,0,0,0,0,0,0,0,0,0,0,0,424114884,382443524,0,0,0,0,0,0,0,0,0,0,0
1785578179.807783082,0,0,0,0,0,0,0,0,0,0,0,0,424117946,382446531,0,0,0,0,0,0,0,0,0,0,0
1785578180.829822308,0,0,0,0,0,0,0,0,0,0,0,0,424121011,382449557,0,0,0,0,0,0,0,0,0,0,0
1785578181.852398580,0,0,0,0,0,0,0,0,0,0,0,0,424124077,382452556,0,0,0,0,0,0,0,0,0,0,0
1785578182.874997971,0,0,0,0,0,0,0,0,0,0,0,0,424127144,382455593,0,0,0,0,0,0,0,0,0,0,0
1785578183.897508762,0,0,0,0,0,0,0,0,0,0,0,0,424130210,382458645,0,0,0,0,0,0,0,0,0,0,0
1785578184.916821294,0,0,0,0,0,0,0,0,0,0,0,0,424133271,382461643,0,0,0,0,0,0,0,0,0,0,0
1785578185.938266246,0,0,0,0,0,0,0,0,0,0,0,0,424136331,382464670,0,0,0,0,0,0,0,0,0,0,0
1785578186.960215817,0,0,0,0,0,0,0,0,0,0,0,0,424139398,382467721,0,0,0,0,0,0,0,0,0,0,0
1785578187.982370927,0,0,0,0,0,0,0,0,0,0,0,0,424142461,382470700,0,0,0,0,0,0,0,0,0,0,0
1785578189.002927247,0,0,0,0,0,0,0,0,0,0,0,0,424145522,382473746,0,0,0,0,0,0,0,0,0,0,0
1785578190.023361492,0,0,0,0,0,0,0,0,0,0,0,0,424148582,382476794,0,0,0,0,0,0,0,0,0,0,0
1785578191.043365680,0,0,0,0,0,0,0,0,0,0,0,0,424151638,382479749,0,0,0,0,0,0,0,0,0,0,0
1785578192.065940179,0,0,0,0,0,0,0,0,0,0,0,0,424154703,382482799,0,0,0,0,0,0,0,0,0,0,0
1785578193.090044076,0,0,0,0,0,0,0,0,0,0,0,0,424157774,382485841,0,0,0,0,0,0,0,0,0,0,0
1785578194.112147906,0,0,0,0,0,0,0,0,0,0,0,0,424160841,382488837,0,0,0,0,0,0,0,0,0,0,0
1785578195.134659606,0,0,0,0,0,0,0,0,0,0,0,0,424163908,382491888,0,0,0,0,0,0,0,0,0,0,0
1785578196.155310485,0,0,0,0,0,0,0,0,0,0,0,0,424166970,382494932,0,0,0,0,0,0,0,0,0,0,0
1785578197.177446133,0,0,0,0,0,0,0,0,0,0,0,0,424170032,382497915,0,0,0,0,0,0,0,0,0,0,0
1785578198.199558285,0,0,0,0,0,0,0,0,0,0,0,0,424173099,382500967,0,0,0,0,0,0,0,0,0,0,0
1785578199.220541364,0,0,0,0,0,0,0,0,0,0,0,0,424176162,382503987,0,0,0,0,0,0,0,0,0,0,0
1785578200.239835036,0,0,0,0,0,0,0,0,0,0,0,0,424179216,382506989,0,0,0,0,0,0,0,0,0,0,0
1785578201.260708620,0,0,0,0,0,0,0,0,0,0,0,0,424182278,382510015,0,0,0,0,0,0,0,0,0,0,0
1785578202.281368031,0,0,0,0,0,0,0,0,0,0,0,0,424185338,382513038,0,0,0,0,0,0,0,0,0,0,0
1785578203.303212974,0,0,0,0,0,0,0,0,0,0,0,0,424188404,382516047,0,0,0,0,0,0,0,0,0,0,0
1785578204.325538190,0,0,0,0,0,0,0,0,0,0,0,0,424191470,382519099,0,0,0,0,0,0,0,0,0,0,0
1785578205.346082268,0,0,0,0,0,0,0,0,0,0,0,0,424194532,382522100,0,0,0,0,0,0,0,0,0,0,0
1785578206.366501218,0,0,0,0,0,0,0,0,0,0,0,0,424197595,382525130,0,0,0,0,0,0,0,0,0,0,0
1785578207.386247969,0,0,0,0,0,0,0,0,0,0,0,0,424200652,382528174,0,0,0,0,0,0,0,0,0,0,0
1785578208.406630444,0,0,0,0,0,0,0,0,0,0,0,0,424203712,382531175,0,0,0,0,0,0,0,0,0,0,0
1785578209.429220055,0,0,0,0,0,0,0,0,0,0,0,0,424206779,382534173,0,0,0,0,0,0,0,0,0,0,0
1785578210.449685174,0,0,0,0,0,0,0,0,0,0,0,0,424209841,382537219,0,0,0,0,0,0,0,0,0,0,0
1785578211.469730063,0,0,0,0,0,0,0,0,0,0,0,0,424212898,382540175,0,0,0,0,0,0,0,0,0,0,0
1785578212.491975035,0,0,0,0,0,0,0,0,0,0,0,0,424215962,382543225,0,0,0,0,0,0,0,0,0,0,0
1785578213.514053687,0,0,0,0,0,0,0,0,0,0,0,0,424219027,382546275,0,0,0,0,0,0,0,0,0,0,0
1785578214.535970887,0,0,0,0,0,0,0,0,0,0,0,0,424222092,382549287,0,0,0,0,0,0,0,0,0,0,0
1785578215.556466862,0,0,0,0,0,0,0,0,0,0,0,0,424225153,382552303,0,0,0,0,0,0,0,0,0,0,0
1785578216.577383880,0,0,0,0,0,0,0,0,0,0,0,0,424228215,382555341,0,0,0,0,0,0,0,0,0,0,0
1785578217.599688322,0,0,0,0,0,0,0,0,0,0,0,0,424231280,382558332,0,0,0,0,0,0,0,0,0,0,0
1785578218.622704421,0,0,0,0,0,0,0,0,0,0,0,0,424234349,382561384,0,0,0,0,0,0,0,0,0,0,0
1785578219.645153931,0,0,0,0,0,0,0,0,0,0,0,0,424237413,382564435,0,0,0,0,0,0,0,0,0,0,0
1785578220.667008784,0,0,0,0,0,0,0,0,0,0,0,0,424240477,382567429,0,0,0,0,0,0,0,0,0,0,0
1785578221.687707565,0,0,0,0,0,0,0,0,0,0,0,0,424243538,382570438,0,0,0,0,0,0,0,0,0,0,0
1785578222.709286557,0,0,0,0,0,0,0,0,0,0,0,0,424246606,382573461,0,0,0,0,0,0,0,0,0,0,0
1785578223.731105818,0,0,0,0,0,0,0,0,0,0,0,0,424249671,382576465,0,0,0,0,0,0,0,0,0,0,0
1785578224.754353905,0,0,0,0,0,0,0,0,0,0,0,0,424252737,382579517,0,0,0,0,0,0,0,0,0,0,0
1785578225.775523362,0,0,0,0,0,0,0,0,0,0,0,0,424255805,382582569,0,0,0,0,0,0,0,0,0,0,0
1785578226.795268640,0,0,0,0,0,0,0,0,0,0,0,0,424258859,382585540,0,0,0,0,0,0,0,0,0,0,0
1785578227.816110023,0,0,0,0,0,0,0,0,0,0,0,0,424261921,382588587,0,0,0,0,0,0,0,0,0,0,0
1785578228.837373408,0,0,0,0,0,0,0,0,0,0,0,0,424264983,382591586,0,0,0,0,0,0,0,0,0,0,0
1785578229.859907685,0,0,0,0,0,0,0,0,0,0,0,0,424268048,382594620,0,0,0,0,0,0,0,0,0,0,0
1785578230.882358296,0,0,0,0,0,0,0,0,0,0,0,0,424271113,382597670,0,0,0,0,0,0,0,0,0,0,0
1785578231.901901246,0,0,0,0,0,0,0,0,0,0,0,0,424274172,382600689,0,0,0,0,0,0,0,0,0,0,0
1785578232.924092067,0,0,0,0,0,0,0,0,0,0,0,0,424277237,382603675,0,0,0,0,0,0,0,0,0,0,0
1785578233.946120123,0,0,0,0,0,0,0,0,0,0,0,0,424280301,382606725,0,0,0,0,0,0,0,0,0,0,0
1785578234.965546754,0,0,0,0,0,0,0,0,0,0,0,0,424283358,382609699,0,0,0,0,0,0,0,0,0,0,0
1785578235.988005216,0,0,0,0,0,0,0,0,0,0,0,0,424286424,382612749,0,0,0,0,0,0,0,0,0,0,0
1785578237.011119834,0,0,0,0,0,0,0,0,0,0,0,0,424289491,382615801,0,0,0,0,0,0,0,0,0,0,0
1785578238.033418667,0,0,0,0,0,0,0,0,0,0,0,0,424292557,382618826,0,0,0,0,0,0,0,0,0,0,0
1785578239.055806333,0,0,0,0,0,0,0,0,0,0,0,0,424295621,382621835,0,0,0,0,0,0,0,0,0,0,0
1785578240.077652621,0,0,0,0,0,0,0,0,0,0,0,0,424298686,382624881,0,0,0,0,0,0,0,0,0,0,0
1785578241.100173928,0,0,0,0,0,0,0,0,0,0,0,0,424301751,382627868,0,0,0,0,0,0,0,0,0,0,0
1785578242.118446423,0,0,0,0,0,0,0,0,0,0,0,0,424304804,382630900,0,0,0,0,0,0,0,0,0,0,0
1785578243.141327816,0,0,0,0,0,0,0,0,0,0,0,0,424307872,382633937,0,0,0,0,0,0,0,0,0,0,0
1785578244.161187477,0,0,0,0,0,0,0,0,0,0,0,0,424310934,382636936,0,0,0,0,0,0,0,0,0,0,0
1785578245.183012936,0,0,0,0,0,0,0,0,0,0,0,0,424313995,382639964,0,0,0,0,0,0,0,0,0,0,0
1785578246.204674059,0,0,0,0,0,0,0,0,0,0,0,0,424317058,382642989,0,0,0,0,0,0,0,0,0,0,0
1785578247.226165387,0,0,0,0,0,0,0,0,0,0,0,0,424320120,382645993,0,0,0,0,0,0,0,0,0,0,0
1785578248.248930287,0,0,0,0,0,0,0,0,0,0,0,0,424323187,382649045,0,0,0,0,0,0,0,0,0,0,0
1785578249.270386370,0,0,0,0,0,0,0,0,0,0,0,0,424326253,382652096,0,0,0,0,0,0,0,0,0,0,0
1785578250.288986188,0,0,0,0,0,0,0,0,0,0,0,0,424329303,382655065,0,0,0,0,0,0,0,0,0,0,0
1785578251.310764806,0,0,0,0,0,0,0,0,0,0,0,0,424332370,382658115,0,0,0,0,0,0,0,0,0,0,0
1785578252.331103309,0,0,0,0,0,0,0,0,0,0,0,0,424335429,382661111,0,0,0,0,0,0,0,0,0,0,0
1785578253.353569574,0,0,0,0,0,0,0,0,0,0,0,0,424338492,382664122,0,0,0,0,0,0,0,0,0,0,0
1785578254.375566117,0,0,0,0,0,0,0,0,0,0,0,0,424341559,382667170,0,0,0,0,0,0,0,0,0,0,0
1785578255.393324791,0,83982,0,0,0,0,0,84506,65902,694200,0,0,424344570,382669795,0,0,0,85264,93732,914100,0,24598,3661,0,0
1785578256.406746641,0,1000064,0,0,0,0,0,1000064,30620,459600,0,0,424347293,382671100,0,0,0,1000064,53926,765600,0,22584,720,0,0
1785578257.423499191,0,1000064,0,0,0,0,0,1000064,30620,459600,0,0,424350340,382674133,0,0,0,1000064,53926,765600,0,22584,720,0,0
1785578258.445318411,0,1000064,0,0,0,0,0,1000064,30620,459600,0,0,424353402,382677120,0,0,0,1000064,53926,765600,0,22584,720,0,0
1785578259.477374042,1820307,1000064,1820307,0,1822182,34728,100700,1000064,30620,459600,0,0,424356492,382679521,1832081,189689,714700,1000064,53926,765600,155587,22584,720,3207040,0
1785578260.506187633,12197695,1000064,12197695,0,12200276,25959,71500,1000064,30620,459600,0,0,424359582,382679522,12213245,156883,398700,1000064,53926,765600,131030,22584,720,21468873,0
1785578261.532647771,22216809,1000064,22216809,0,22219221,25551,70300,1000064,30620,459600,0,0,424362659,382679527,22231691,156535,389000,1000064,53926,765600,131041,22584,720,39186405,0
1785578262.556856949,32298398,1000064,32298398,0,32302322,25354,69800,1000064,30620,459600,0,0,424365730,382679532,32315561,156114,386300,1000064,53926,765600,130796,22584,720,56947839,0
1785578263.590522827,42522444,1000064,42522444,0,42525566,25220,69300,1000064,30620,459600,0,0,424368830,382679539,42538865,155278,382300,1000064,53926,765600,130088,22584,720,74844785,0
1785578264.617277427,52590284,1000064,52590284,0,52592571,25273,69400,1000064,30620,459600,0,0,424371909,382679548,52603612,155583,383200,1000064,53926,765600,130327,22584,720,92406327,0
1785578265.646473032,62917424,1000064,62917424,0,62920094,25190,69000,1000064,30620,459600,0,0,424374992,382679549,62933182,154914,380600,1000064,53926,765600,129744,22584,720,110445902,0
1785578266.671475730,73117102,1000064,73117102,0,73119492,25135,68800,1000064,30620,459600,0,0,424378063,382679549,73133381,154546,379100,1000064,53926,765600,129428,22584,720,128254886,0
1785578267.697053553,83127697,1000064,83127697,0,83130049,25124,68700,1000064,30620,459600,0,0,424381136,382679555,83142267,154607,379000,1000064,53926,765600,129498,22584,720,145736971,0
1785578268.724078609,93177025,1000064,93177025,0,93179599,25132,68600,1000064,30620,459600,0,0,424384216,382679557,93191267,154678,379000,1000064,53926,765600,129557,22584,720,163215101,0
1785578269.746350086,103264122,1000064,103264122,0,103265704,25123,68600,1000064,30620,459600,0,0,424387284,382679559,103274877,154590,378700,1000064,53926,765600,129475,22584,720,180772666,0
1785578270.769516437,112997985,1000064,112997985,0,113000272,25145,68600,1000064,30620,459600,0,0,424390352,382679567,113011453,154991,379600,1000064,53926,765600,129855,22584,720,197783766,0
1785578271.792519803,123171589,1000064,123171589,0,123174111,25138,68600,1000064,30620,459600,0,0,424393418,382679569,123185306,154841,379200,1000064,53926,765600,129711,22584,720,215517072,0
1785578272.820981766,133467377,1000064,133467377,0,133470435,25124,68600,1000064,30620,459600,0,0,424396501,382679569,133484097,154615,378400,1000064,53926,765600,129499,22584,720,233437333,0
1785578273.849112682,143377431,1000064,143377431,0,143380269,25144,68700,1000064,30620,459600,0,0,424399583,382679584,143393774,154817,378900,1000064,53926,765600,129684,22584,720,250760116,0
1785578274.871978871,153493633,1000064,153493633,0,153496792,25141,68700,1000064,30620,459600,0,0,424402649,382679602,153510389,154787,379000,1000064,53926,765600,129655,22584,720,268406373,0
1785578275.898211587,163791294,1000064,163791294,0,163793876,25125,68700,1000064,30620,459600,0,0,424405725,382679603,163806531,154569,378500,1000064,53926,765600,129451,22584,720,286323392,0
1785578276.924776922,173774300,1000064,173774300,0,173776780,25134,68700,1000064,30620,459600,0,0,424408803,382679608,173788916,154656,378900,1000064,53926,765600,129528,22584,720,303767219,0
1785578277.958302617,183993183,1000064,183993183,0,183997045,25125,68700,1000064,30620,459600,0,0,424411896,382679612,184011776,154588,378800,1000064,53926,765600,129470,22584,720,321564270,0
1785578278.986541506,194210366,1000064,194210366,0,194213347,25115,68600,1000064,30620,459600,0,0,424414976,382679625,194226511,154474,378400,1000064,53926,765600,129365,22584,720,339345383,0
1785578280.012818106,204215769,1000064,204215769,0,204218531,25127,68700,1000064,30620,459600,0,0,424418060,382679632,204231976,154558,378700,1000064,53926,765600,129435,22584,720,356783855,0
1785578281.036208603,214427264,1000064,214427264,0,214429974,25119,68600,1000064,30620,459600,0,0,424421127,382679635,214442623,154435,378400,1000064,53926,765600,129321,22584,720,374531113,0
1785578282.059064948,224633781,1000064,224633781,0,224636421,25110,68600,1000064,30620,459600,0,0,424424195,382679637,224648964,154331,378200,1000064,53926,765600,129225,22584,720,392293542,0
1785578283.085063571,234566063,1000064,234566063,0,234568865,25122,68600,1000064,30620,459600,0,0,424427270,382679641,234580529,154437,378500,1000064,53926,765600,129320,22584,720,409660522,0
1785578284.108543862,244685078,1000064,244685078,0,244687524,25124,68700,1000064,30620,459600,0,0,424430339,382679644,244699317,154417,378600,1000064,53926,765600,129297,22584,720,427291354,0
1785578285.134416535,255026226,1000064,255026226,0,255029397,25119,68700,1000064,30620,459600,0,0,424433414,382679645,255043063,154302,378200,1000064,53926,765600,129187,22584,720,445296412,0
1785578286.160393646,264968705,1000064,264968705,0,264971653,25137,68800,1000064,30620,459600,0,0,424436488,382679654,264984331,154414,378500,1000064,53926,765600,129281,22584,720,462663536,0
1785578287.183525344,275177630,1000064,275177630,0,275180521,25138,68800,1000064,30620,459600,0,0,424439557,382679654,275193715,154351,378400,1000064,53926,765600,129216,22584,720,480419815,0
1785578288.207022310,285361958,1000064,285361958,0,285364536,25140,68800,1000064,30620,459600,0,0,424442625,382679656,285377812,154294,378300,1000064,53926,765600,129157,22584,720,498122597,0
1785578289.232074713,295286358,1000064,295286358,0,295289345,25153,68900,1000064,30620,459600,0,0,424445697,382679660,295302071,154396,378700,1000064,53926,765600,129246,22584,720,515462522,0
1785578290.252112571,295564501,1000064,295564501,0,295564501,25153,68900,1000064,30620,459600,0,0,424448759,382682647,295564501,154397,378700,1000064,53926,765600,129243,22584,720,515936987,0
1785578291.274660301,295564501,1000064,295564501,0,295564501,25153,68900,1000064,30620,459600,0,0,424451826,382685692,295564501,154397,378700,1000064,53926,765600,129243,22584,720,515936987,0
1785578292.297429046,295564501,1000064,295564501,0,295564501,25153,68900,1000064,30620,459600,0,0,424454890,382688680,295564501,154397,378700,1000064,53926,765600,129243,22584,720,515936987,0
1785578293.320766834,295564501,1000064,295564501,0,295564501,25153,68900,1000064,30620,459600,0,0,424457959,382691733,295564501,154397,378700,1000064,53926,765600,129243,22584,720,515936987,0
1785578294.343801093,295564501,1000064,295564501,0,295564501,25153,68900,1000064,30620,459600,0,0,424461026,382694746,295564501,154397,378700,1000064,53926,765600,129243,22584,720,515936987,0
1785578295.367786761,295564501,1000064,295564501,0,295564501,25153,68900,1000064,30620,459600,0,0,424464096,382697751,295564501,154397,378700,1000064,53926,765600,129243,22584,720,515936987,0
1785578296.391396969,295564501,1000064,295564501,0,295564501,25153,68900,1000064,30620,459600,0,0,424467163,382700804,295564501,154397,378700,1000064,53926,765600,129243,22584,720,515936987,0
1785578297.412070195,295564501,1000064,295564501,0,295564501,25153,68900,1000064,30620,459600,0,0,424470228,382703828,295564501,154397,378700,1000064,53926,765600,129243,22584,720,515936987,0
1785578298.432689848,295564501,1000064,295564501,0,295564501,25153,68900,1000064,30620,459600,0,0,424473285,382706825,295564501,154397,378700,1000064,53926,765600,129243,22584,720,515936987,0
1785578299.455021195,295564501,1000064,295564501,0,295564501,25153,68900,1000064,30620,459600,0,0,424476350,382709875,295564501,154397,378700,1000064,53926,765600,129243,22584,720,515936987,0
1785578300.476378568,295564501,1000064,295564501,0,295564501,25153,68900,1000064,30620,459600,0,0,424479417,382712895,295564501,154397,378700,1000064,53926,765600,129243,22584,720,515936987,0
1785578301.500006714,295564501,1000064,295564501,0,295564501,25153,68900,1000064,30620,459600,0,0,424482480,382715908,295564501,154397,378700,1000064,53926,765600,129243,22584,720,515936987,0
1785578302.521682991,295564501,1000064,295564501,0,295564501,25153,68900,1000064,30620,459600,0,0,424485547,382718957,295564501,154397,378700,1000064,53926,765600,129243,22584,720,515936987,0
1785578303.544039103,295564501,1000064,295564501,0,295564501,25153,68900,1000064,30620,459600,0,0,424488617,382721965,295564501,154397,378700,1000064,53926,765600,129243,22584,720,515936987,0
1785578304.566367904,295564501,1000064,295564501,0,295564501,25153,68900,1000064,30620,459600,0,0,424491679,382724970,295564501,154397,378700,1000064,53926,765600,129243,22584,720,515936987,0
1785578305.588335379,295564501,1000064,295564501,0,295564501,25153,68900,1000064,30620,459600,0,0,424494743,382728018,295564501,154397,378700,1000064,53926,765600,129243,22584,720,515936987,0
1785578306.609980413,295564501,1000064,295564501,0,295564501,25153,68900,1000064,30620,459600,0,0,424497806,382731015,295564501,154397,378700,1000064,53926,765600,129243,22584,720,515936987,0
1785578307.631852009,295564501,1000064,295564501,0,295564501,25153,68900,1000064,30620,459600,0,0,424500870,382734046,295564501,154397,378700,1000064,53926,765600,129243,22584,720,515936987,0
1785578308.654935653,295564501,1000064,295564501,0,295564501,25153,68900,1000064,30620,459600,0,0,424503938,382737098,295564501,154397,378700,1000064,53926,765600,129243,22584,720,515936987,0
1785578309.675081416,295564501,1000064,295564501,0,295564501,25153,68900,1000064,30620,459600,0,0,424506999,382740081,295564501,154397,378700,1000064,53926,765600,129243,22584,720,515936987,0
1785578310.697563926,295564501,1000064,295564501,0,295564501,25153,68900,1000064,30620,459600,0,0,424510063,382743126,295564501,154397,378700,1000064,53926,765600,129243,22584,720,515936987,0
1785578311.756175790,295564501,1118056,295564501,0,295564501,25153,68900,1121377,29008,348300,0,0,424513235,382746105,295564501,154397,378700,1125293,49814,733700,129243,20181,684,515936987,0
1785578312.785467286,295564501,5261445,295564501,0,295564501,25153,68900,5265141,12927,93400,0,0,424516310,382746153,295564501,154397,378700,5269814,17971,155800,129243,4755,292,515936987,0
1785578313.833512874,295564501,9517640,295564501,0,295564501,25153,68900,9522121,10934,67600,0,0,424519431,382746171,295564501,154397,378700,9527312,14048,109200,129243,2882,232,515936987,0
1785578314.867904347,295564501,13724845,295564501,0,295564501,25153,68900,13728939,10200,57800,0,0,424522523,382746203,295564501,154397,378700,13734237,12587,88100,129243,2174,211,515936987,0
1785578315.903227038,295564501,17888998,295564501,0,295564501,25153,68900,17892948,9829,53000,0,0,424525617,382746251,295564501,154397,378700,17898053,11837,76000,129243,1802,205,515936987,0
1785578316.938424422,295564501,22100828,295564501,0,295564501,25153,68900,22104835,9573,49800,0,0,424528703,382746282,295564501,154397,378700,22109950,11336,67800,129243,1567,195,515936987,0
1785578317.975703131,295564501,26321360,295564501,0,295564501,25153,68900,26330420,9401,47800,0,0,424531802,382746305,295564501,154397,378700,26338288,10998,62200,129243,1406,190,515936987,0
1785578319.009808074,295564501,30481542,295564501,0,295564501,25153,68900,30485364,9291,46500,0,0,424534889,382746344,295564501,154397,378700,30490236,10774,58700,129243,1293,188,515936987,0
1785578320.045416445,295564501,34711947,295564501,0,295564501,25153,68900,34715769,9193,45400,0,0,424537979,382746366,295564501,154397,378700,34720535,10583,55800,129243,1204,184,515936987,0
1785578321.080168109,295564501,38893398,295564501,0,295564501,25153,68900,38897198,9125,44600,0,0,424541068,382746407,295564501,154397,378700,38902368,10444,53800,129243,1136,182,515936987,0
1785578322.124455121,295564501,43129795,295564501,0,295564501,25153,68900,43133396,9065,43900,0,0,424544184,382746434,295564501,154397,378700,43138013,10327,52200,129243,1080,180,515936987,0
1785578323.162839540,295564501,47370901,295564501,0,295564501,25153,68900,47375065,9013,43300,0,0,424547282,382746453,295564501,154397,378700,47380651,10227,50800,129243,1034,178,515936987,0
1785578324.195894085,295564501,51526270,295564501,0,295564501,25153,68900,51530071,8978,42900,0,0,424550359,382746501,295564501,154397,378700,51535022,10154,49800,129243,997,178,515936987,0
1785578325.232768025,295564501,55729287,295564501,0,295564501,25153,68900,55733290,8945,42500,0,0,424553468,382746530,295564501,154397,378700,55738393,10088,49000,129243,965,177,515936987,0
1785578326.269299562,295564501,59978029,295564501,0,295564501,25153,68900,59982152,8911,42200,0,0,424556562,382746541,295564501,154397,378700,59987537,10024,48200,129243,936,175,515936987,0
1785578327.302135518,295564501,64138549,295564501,0,295564501,25153,68900,64143106,8890,41900,0,0,424559647,382746569,295564501,154397,378700,64148737,9979,47600,129243,913,175,515936987,0
1785578328.335751216,295564501,68348818,295564501,0,295564501,25153,68900,68352804,8865,41700,0,0,424562732,382746589,295564501,154397,378700,68357843,9932,47100,129243,892,173,515936987,0
1785578329.368503467,295564501,72574613,295564501,0,295564501,25153,68900,72579064,8842,41400,0,0,424565816,382746609,295564501,154397,378700,72584696,9889,46600,129243,873,172,515936987,0
1785578330.407349599,295564501,76746297,295564501,0,295564501,25153,68900,76750705,8829,41300,0,0,424568918,382746651,295564501,154397,378700,76756043,9859,46200,129243,857,172,515936987,0
1785578331.444871963,295564501,80987151,295564501,0,295564501,25153,68900,80991235,8809,41100,0,0,424572013,382746664,295564501,154397,378700,80996493,9823,45800,129243,841,171,515936987,0
1785578332.484575101,295564501,85232246,295564501,0,295564501,25153,68900,85236574,8793,41000,0,0,424575122,382746677,295564501,154397,378700,85241808,9793,45400,129243,828,170,515936987,0
1785578333.521007358,295564501,89351980,295564501,0,295564501,25153,68900,89356632,8788,40900,0,0,424578215,382746729,295564501,154397,378700,89361940,9777,45200,129243,816,171,515936987,0
1785578334.551463992,295564501,93551897,295564501,0,295564501,25153,68900,93555930,8774,40800,0,0,424581291,382746752,295564501,154397,378700,93561010,9752,44900,129243,805,171,515936987,0
1785578335.587699422,295564501,97734433,295564501,0,295564501,25153,68900,97738370,8766,40700,0,0,424584387,382746780,295564501,154397,378700,97743339,9733,44700,129243,795,170,515936987,0
1785578336.621090472,295564501,101923968,295564501,0,295564501,25153,68900,101928108,8756,40600,0,0,424587470,382746809,295564501,154397,378700,101933370,9714,44400,129243,786,170,515936987,0
1785578337.657983141,295564501,106168612,295564501,0,295564501,25153,68900,106172806,8744,40500,0,0,424590564,382746819,295564501,154397,378700,106178233,9692,44200,129243,777,169,515936987,0
1785578338.692712960,295564501,110409077,295564501,0,295564501,25153,68900,110412932,8733,40400,0,0,424593657,382746830,295564501,154397,378700,110417942,9672,44000,129243,769,168,515936987,0
1785578339.728315440,295564501,114584644,295564501,0,295564501,25153,68900,114588723,8727,40300,0,0,424596746,382746859,295564501,154397,378700,114593756,9659,43800,129243,762,168,515936987,0
1785578340.760346397,295564501,118801309,295564501,0,295564501,25153,68900,118805370,8718,40300,0,0,424599829,382746880,295564501,154397,378700,118810549,9643,43700,129243,755,168,515936987,0
1785578341.773155821,295564501,122617445,295564501,0,295564501,25153,68900,122617445,8713,40200,0,0,424602855,382747125,295564501,154397,378700,122617445,9633,43500,129243,750,168,515936987,0
1785578342.792422770,295564501,122617445,295564501,0,295564501,25153,68900,122617445,8713,40200,0,0,424605909,382750161,295564501,154397,378700,122617445,9633,43500,129243,750,168,515936987,0
1785578343.817189620,295564501,122617445,295564501,0,295564501,25153,68900,122617445,8713,40200,0,0,424608982,382753217,295564501,154397,378700,122617445,9633,43500,129243,750,168,515936987,0
1785578344.840380664,295564501,122617445,295564501,0,295564501,25153,68900,122617445,8713,40200,0,0,424612051,382756239,295564501,154397,378700,122617445,9633,43500,129243,750,168,515936987,0
1785578345.863206788,295564501,122617445,295564501,0,295564501,25153,68900,122617445,8713,40200,0,0,424615120,382759233,295564501,154397,378700,122617445,9633,43500,129243,750,168,515936987,0
1785578346.886237982,295564501,122617445,295564501,0,295564501,25153,68900,122617445,8713,40200,0,0,424618189,382762282,295564501,154397,378700,122617445,9633,43500,129243,750,168,515936987,0
1785578347.909664657,295564501,122617445,295564501,0,295564501,25153,68900,122617445,8713,40200,0,0,424621256,382765270,295564501,154397,378700,122617445,9633,43500,129243,750,168,515936987,0
1785578348.933431144,295564501,122617445,295564501,0,295564501,25153,68900,122617445,8713,40200,0,0,424624328,382768324,295564501,154397,378700,122617445,9633,43500,129243,750,168,515936987,0
1785578349.957525500,295564501,122617445,295564501,0,295564501,25153,68900,122617445,8713,40200,0,0,424627397,382771379,295564501,154397,378700,122617445,9633,43500,129243,750,168,515936987,0
1785578350.975312379,295564501,122617445,295564501,0,295564501,25153,68900,122617445,8713,40200,0,0,424630452,382774369,295564501,154397,378700,122617445,9633,43500,129243,750,168,515936987,0
1785578351.999558324,295564501,122617445,295564501,0,295564501,25153,68900,122617445,8713,40200,0,0,424633523,382777404,295564501,154397,378700,122617445,9633,43500,129243,750,168,515936987,0
1785578353.021563608,295564501,122617445,295564501,0,295564501,25153,68900,122617445,8713,40200,0,0,424636588,382780427,295564501,154397,378700,122617445,9633,43500,129243,750,168,515936987,0
1785578354.046822693,295564501,122617445,295564501,0,295564501,25153,68900,122617445,8713,40200,0,0,424639663,382783441,295564501,154397,378700,122617445,9633,43500,129243,750,168,515936987,0
1785578355.070291014,295564501,122617445,295564501,0,295564501,25153,68900,122617445,8713,40200,0,0,424642734,382786495,295564501,154397,378700,122617445,9633,43500,129243,750,168,515936987,0
1785578356.093459923,295564501,122617445,295564501,0,295564501,25153,68900,122617445,8713,40200,0,0,424645802,382789525,295564501,154397,378700,122617445,9633,43500,129243,750,168,515936987,0
1785578357.116297395,295564501,122617445,295564501,0,295564501,25153,68900,122617445,8713,40200,0,0,424648866,382792506,295564501,154397,378700,122617445,9633,43500,129243,750,168,515936987,0
1785578358.139342365,295564501,122617445,295564501,0,295564501,25153,68900,122617445,8713,40200,0,0,424651937,382795559,295564501,154397,378700,122617445,9633,43500,129243,750,168,515936987,0
1785578359.161866727,295564501,122617445,295564501,0,295564501,25153,68900,122617445,8713,40200,0,0,424655002,382798567,295564501,154397,378700,122617445,9633,43500,129243,750,168,515936987,0
1785578360.184746851,295564501,122617445,295564501,0,295564501,25153,68900,122617445,8713,40200,0,0,424658069,382801594,295564501,154397,378700,122617445,9633,43500,129243,750,168,515936987,0
1785578361.208349802,295564501,122617445,295564501,0,295564501,25153,68900,122617445,8713,40200,0,0,424661140,382804647,295564501,154397,378700,122617445,9633,43500,129243,750,168,515936987,0
1785578362.230154542,295564501,122617445,295564501,0,295564501,25153,68900,122617445,8713,40200,0,0,424664204,382807688,295564501,154397,378700,122617445,9633,43500,129243,750,168,515936987,0
1785578363.253847578,295564501,122617445,295564501,0,295564501,25153,68900,122617445,8713,40200,0,0,424667274,382810683,295564501,154397,378700,122617445,9633,43500,129243,750,168,515936987,0
1785578364.276856385,295564501,122617445,295564501,0,295564501,25153,68900,122617445,8713,40200,0,0,424670346,382813737,295564501,154397,378700,122617445,9633,43500,129243,750,168,515936987,0
1785578365.299427837,297156113,122794357,297156113,0,297158343,25174,69000,122795257,8739,40500,167,0,424673405,382816028,297167974,154716,380600,122796394,9659,43900,129545,749,168,518417487,0
1785578366.324103137,304929973,123658117,304929973,0,304935132,25198,69000,123659172,8843,41900,995,0,424676473,382816055,304944397,155635,384700,123660510,9762,45300,130440,748,169,530590814,0
1785578367.349421012,312836798,124536653,312836798,0,312844030,25218,69100,124537653,8943,43200,1857,0,424679542,382816058,312850404,156453,388100,124538916,9862,46600,131238,746,171,543011331,0
1785578368.377968927,320689365,125409161,320689365,0,320698936,25239,69100,125410160,9043,44400,2732,0,424682627,382816067,320702826,157279,391100,125411462,9962,47700,132044,745,172,555333348,0
1785578369.402959120,328412247,126267255,328412247,0,328424479,25260,69100,126268201,9143,45600,3531,0,424685693,382816099,328424676,158115,394100,126269439,10061,48800,132858,743,173,567490539,0
1785578370.429421924,336283238,127141813,336283238,0,336297560,25275,69100,127142725,9240,46600,4328,0,424688767,382816122,336295336,158830,396500,127143919,10158,49800,133558,742,174,579821270,0
1785578371.453419256,343950701,127993752,343950701,0,343967657,25301,69100,127994660,9338,47600,5101,0,424691833,382816145,343962897,159609,399100,127995842,10256,50700,134311,741,175,591857102,0
1785578372.478715628,351842250,128870589,351842250,0,351861772,25315,69200,128871610,9432,48400,5918,0,424694901,382816159,351855972,160270,401200,128872915,10349,51600,134958,739,176,604217869,0
1785578373.503507983,359782685,129752857,359782685,0,359804557,25328,69200,129753835,9524,49300,6703,0,424697972,382816162,359795550,160866,402700,129755027,10441,52400,135540,738,177,616607558,0
1785578374.527456592,367598744,130621320,367598744,0,367622364,25344,69200,130622094,9617,50100,7515,0,424701038,382816174,367609505,161495,404400,130623162,10533,53200,136152,736,178,628881214,0
1785578375.549400771,375407185,131488920,375407185,0,375434231,25360,69200,131489948,9707,50900,8316,0,424704099,382816181,375421225,162078,406200,131491291,10623,53900,136720,735,179,641124177,0
1785578376.573838403,383207927,132355664,383207927,0,383236600,25374,69200,132356524,9797,51600,9131,0,424707165,382816215,383219252,162657,407700,132357636,10713,54600,137284,734,180,653360606,0
1785578377.594420557,390883463,133208502,390883463,0,390914993,25391,69200,133209438,9887,52300,9919,0,424710223,382816241,390896374,163242,409400,133210705,10802,55300,137853,733,181,665383955,0
1785578378.625041443,398766958,134084449,398766958,0,398801071,25400,69300,134085324,9974,53000,10776,0,424713296,382816246,398778753,163735,410600,134086419,10889,55900,138337,731,182,677739949,0
1785578379.646563448,406675691,134963193,406675691,0,406712614,25411,69300,134964236,10059,53600,11614,0,424716365,382816259,406689394,164209,411700,134965522,10974,56500,138799,730,183,690095087,0
1785578380.675902401,414428614,135824630,414428614,0,414467319,25425,69300,135825541,10146,54200,12402,0,424719445,382816273,414440502,164731,413000,135826649,11060,57100,139307,729,184,702232520,0
1785578381.700169296,422273609,136696298,422273609,0,422315343,25437,69300,136697316,10230,54800,13255,0,424722513,382816283,422287084,165197,414300,136698580,11144,57700,139761,727,185,714544413,0
1785578382.722822769,430082028,137563898,430082028,0,430125699,25446,69400,137564791,10313,55400,14030,0,424725575,382816291,430093640,165638,415400,137565928,11227,58200,140192,726,186,726789710,0
1785578383.743439955,437769295,138418044,437769295,0,437815789,25459,69400,138419022,10396,55900,14876,0,424728630,382816321,437782417,166104,416500,138420260,11310,58700,140647,725,187,738845713,0
1785578384.766501691,445626196,139291030,445626196,0,445674749,25468,69400,139291911,10476,56400,15715,0,424731696,382816331,445637788,166503,417500,139293009,11390,59200,141036,724,188,751190526,0
1785578385.795091487,453546215,140171028,453546215,0,453597969,25475,69400,140172067,10556,56900,16515,0,424734775,382816351,453560165,166886,418300,140173392,11469,59600,141412,723,189,763649409,0
1785578386.818807016,461138259,141014596,461138259,0,461191872,25492,69500,141015482,10637,57300,17313,0,424737842,382816374,461150289,167364,419500,141016638,11550,60100,141872,722,190,775576834,0
1785578387.843985189,469027827,141891216,469027827,0,469084195,25497,69500,141892206,10714,57800,18139,0,424740914,382816383,469040922,167700,420200,141893406,11627,60500,142204,720,191,787928530,0
1785578388.866674055,476794615,142754183,476794615,0,476853192,25508,69500,142755131,10792,58200,18942,0,424743978,382816404,476807079,168087,421100,142756317,11705,60900,142579,719,192,800125213,0
1785578389.890982823,484447310,143604487,484447310,0,484508301,25519,69500,143605451,10869,58600,19728,0,424747040,382816454,484460607,168476,422000,143606759,11782,61300,142957,718,193,812107997,0
1785578658.509826469,0,0,0,0,0,0,0,0,0,0,0,0,425552605,383612580,0,0,0,0,0,0,0,0,0,0,0
1785578659.529748217,1863021,207070,180081,1682940,180489,26131,95700,207826,46788,627200,121,1682940,425555589,383614850,181659,714074,2387100,208859,66099,833500,690136,17076,2362,89579,0
1785578660.550013751,12340063,1371180,5625284,6714779,5630573,24655,62300,1371914,22500,159400,1529,6714779,425558566,383615186,5633069,299475,1283000,1373281,29994,325400,275214,6910,583,13227107,0
1785578661.571878857,22069710,2452257,13843311,8226399,13854622,25515,63200,2452972,19522,101100,3615,8226399,425561620,383615241,13850897,301033,1152900,2454044,24269,161000,275653,4316,430,46703239,0
1785578662.594857595,31664832,3518378,22929618,8735214,22948313,25600,62800,3519118,18215,78700,5854,8735214,425564680,383615246,22937751,300199,995000,3520160,21759,120600,274695,3187,355,88112907,0
1785578663.615645824,41046517,4560786,32138383,8908134,32163599,25680,62700,4561559,17566,67800,8225,8908134,425567738,383615259,32146965,301215,900900,4562541,20467,100800,275585,2583,317,131564384,0
1785578664.637010688,50014259,5557210,41047651,8966608,41078919,25874,63100,5558017,17278,62300,10489,8966608,425570794,383615290,41056846,305375,894100,5559149,19796,89200,279553,2217,299,174777181,0
1785578665.661020525,59325090,6591741,50336768,8988322,50376639,25891,63000,6593296,16990,58500,12841,8988322,425573861,383615303,50354211,306077,867900,6594611,19225,80500,280229,1952,281,219743244,0
1785578666.682388054,68591845,7621375,59595708,8996137,59642348,25923,62900,7622278,16789,56000,15144,8996137,425576917,383615316,59606799,306342,842300,7623463,18819,74200,280454,1759,269,264310213,0
1785578667.701369889,77573700,8619362,68574732,8998968,68626163,26028,63200,8620200,16683,54300,17337,8998968,425579971,383615340,68584980,307511,833100,8621368,18563,70000,281516,1617,261,307392347,0
1785578668.721897187,86611955,9623616,77611989,8999966,77671224,26077,63400,9624449,16594,53000,19648,8999966,425583025,383615365,77622517,308361,827600,9625700,18355,66800,282309,1503,256,351042632,0
