label	seq	secs	Mops	get_s	set_s	busy	Gv3_avg	Gv3_p50	Gv3_p99	Gadmit	Gv2	Gxfer	Gcrypto	Gsync	Sv3_avg	Sv3_p50	Sv3_p99	Sadmit	Sv2	Sret	Sxfer	Scrypto	srv	srv_p50	srv_p99	que	bk	err5	badcrc	hit_pct
SF3-O1	1	176.6	9.697	9696752	0	30.0	327.28	0.0	652.0	316.95	10.33	8.52	0.73	0.02	0.00	0.0	0.0	0.00	0.00	0.00	0.00	0.00	728.54	724.7	1026.7	110.49	617.45	0	0	100.00
SF3-O1	2	176.4	8.901	8011160	890129	29.9	28.00	0.0	133.2	19.16	8.83	7.08	0.73	0.02	17.12	0.0	47.9	0.54	15.92	0.66	5.47	0.92	768.08	723.2	1466.9	182.48	584.88	0	105	100.00
SF3-O1	3	177.9	5.675	0	5674991	29.8	0.00	0.0	0.0	0.00	0.00	0.00	0.00	0.00	7.99	0.0	32.3	0.66	7.24	0.09	5.57	1.00	2302.77	2116.0	18446744073709552.0	430.56	1871.02	0	0	0.00
SF3-O2	1	178.7	12.094	12093862	0	30.0	24.43	0.0	124.7	11.34	13.09	9.86	0.64	0.03	0.00	0.0	0.0	0.00	0.00	0.00	0.00	0.00	559.54	534.9	1041.1	123.17	435.76	0	0	100.00
SF3-O2	2	177.5	10.093	9083796	1009311	29.9	23.77	0.0	98.6	10.90	12.87	9.35	0.69	0.03	17.06	0.0	50.2	0.52	16.22	0.31	8.22	0.94	666.98	630.5	1278.9	159.33	506.93	0	86	100.00
SF3-O2	3	177.9	5.752	0	5751587	29.8	0.00	0.0	0.0	0.00	0.00	0.00	0.00	0.00	7.93	0.0	31.9	0.65	7.18	0.10	5.51	1.00	2259.92	2077.0	18446744073709552.0	425.70	1833.06	0	0	0.00
SF3-O4	1	177.6	12.806	12806426	0	29.9	22.95	0.0	74.0	4.72	18.23	15.07	0.62	0.03	0.00	0.0	0.0	0.00	0.00	0.00	0.00	0.00	502.52	476.2	986.8	117.12	384.77	0	0	100.00
SF3-O4	2	177.4	10.594	9534870	1059430	29.9	23.18	0.0	97.4	9.72	13.45	10.05	0.64	0.03	9.43	0.0	31.4	0.54	8.55	0.34	7.07	0.92	627.94	593.6	1220.8	153.11	474.07	0	16	100.00
SF3-O4	3	176.8	5.734	0	5733646	29.8	0.00	0.0	0.0	0.00	0.00	0.00	0.00	0.00	8.01	0.0	32.1	0.66	7.24	0.11	5.55	1.01	2261.97	2084.0	18446744073709552.0	430.69	1830.10	0	0	0.00
SF3-O8	1	177.9	12.901	12900862	0	29.9	22.12	0.0	81.6	4.66	17.46	14.47	0.58	0.03	0.00	0.0	0.0	0.00	0.00	0.00	0.00	0.00	517.47	495.5	976.1	110.90	405.95	0	0	100.00
SF3-O8	2	177.6	10.658	9592489	1065832	29.9	23.14	0.0	132.6	9.59	13.55	10.46	0.61	0.03	9.24	0.0	31.3	0.53	7.99	0.72	6.52	0.92	646.70	612.5	1227.6	147.86	498.11	0	5	100.00
SF3-O8	3	176.8	5.690	0	5689652	29.9	0.00	0.0	0.0	0.00	0.00	0.00	0.00	0.00	8.03	0.0	33.7	0.66	7.25	0.12	5.58	1.01	2290.41	2113.0	18446744073709552.0	430.67	1858.58	0	0	0.00
SF3-O16	1	177.8	12.738	12738453	0	29.9	22.35	0.0	83.9	4.72	17.63	14.66	0.58	0.03	0.00	0.0	0.0	0.00	0.00	0.00	0.00	0.00	527.88	506.8	988.5	112.24	415.01	0	0	100.00
SF3-O16	2	177.7	10.538	9483869	1053763	29.9	23.31	0.0	139.0	9.62	13.69	10.63	0.61	0.03	9.07	0.0	31.3	0.52	7.95	0.60	6.47	0.92	654.84	620.7	1239.5	148.11	505.99	0	12	100.00
SF3-O16	3	176.9	5.635	0	5634811	29.9	0.00	0.0	0.0	0.00	0.00	0.00	0.00	0.00	8.11	0.0	32.8	0.66	7.32	0.13	5.65	1.01	2311.68	2127.8	18446744073709552.0	434.51	1876.00	0	0	0.00
SF3-O4-r2	1	176.6	12.861	12860542	0	30.0	22.86	0.0	72.1	4.67	18.19	15.01	0.62	0.03	0.00	0.0	0.0	0.00	0.00	0.00	0.00	0.00	503.10	478.6	970.2	116.46	386.03	0	0	100.00
SF3-O4-r2	2	177.5	10.565	9508822	1056536	29.9	23.19	0.0	99.7	9.73	13.46	10.04	0.65	0.03	9.44	0.0	31.8	0.53	8.57	0.34	7.08	0.93	630.20	594.8	1232.0	152.84	476.62	0	18	100.00
SF3-O4-r2	3	177.8	5.739	0	5739393	29.8	0.00	0.0	0.0	0.00	0.00	0.00	0.00	0.00	8.00	0.0	32.3	0.65	7.23	0.11	5.55	1.01	2260.75	2088.2	18446744073709552.0	429.99	1829.58	0	0	0.00
