ts,cmd_get,cmd_set,get_hits,get_misses,rcount,ravg,rp99,wcount,wavg,wp99,badcrc,err5,cpu_total,cpu_idle,re2ec,re2ea,re2ep99,we2ec,we2ea,we2ep99,radmit,wadmit,wret
1785576787.898333669,0,0,0,0,0,0,0,0,0,0,0,0,419947966,379193263,0,0,0,0,0,0,0,0,0
1785576788.920305493,0,0,0,0,0,0,0,0,0,0,0,0,419951030,379196304,0,0,0,0,0,0,0,0,0
1785576789.942938358,0,0,0,0,0,0,0,0,0,0,0,0,419954095,379199295,0,0,0,0,0,0,0,0,0
1785576790.965378013,0,0,0,0,0,0,0,0,0,0,0,0,419957161,379202347,0,0,0,0,0,0,0,0,0
1785576791.987227051,0,0,0,0,0,0,0,0,0,0,0,0,419960226,379205386,0,0,0,0,0,0,0,0,0
1785576793.009675102,0,0,0,0,0,0,0,0,0,0,0,0,419963293,379208376,0,0,0,0,0,0,0,0,0
1785576794.031986061,0,0,0,0,0,0,0,0,0,0,0,0,419966357,379211425,0,0,0,0,0,0,0,0,0
1785576795.053973333,0,0,0,0,0,0,0,0,0,0,0,0,419969422,379214447,0,0,0,0,0,0,0,0,0
1785576796.074791878,0,0,0,0,0,0,0,0,0,0,0,0,419972487,379217452,0,0,0,0,0,0,0,0,0
1785576797.095810730,0,0,0,0,0,0,0,0,0,0,0,0,419975547,379220475,0,0,0,0,0,0,0,0,0
1785576798.117644963,0,0,0,0,0,0,0,0,0,0,0,0,419978611,379223496,0,0,0,0,0,0,0,0,0
1785576799.137496853,0,0,0,0,0,0,0,0,0,0,0,0,419981671,379226498,0,0,0,0,0,0,0,0,0
1785576800.160348463,0,0,0,0,0,0,0,0,0,0,0,0,419984738,379229549,0,0,0,0,0,0,0,0,0
1785576801.182927141,0,0,0,0,0,0,0,0,0,0,0,0,419987804,379232554,0,0,0,0,0,0,0,0,0
1785576802.205157123,0,0,0,0,0,0,0,0,0,0,0,0,419990869,379235586,0,0,0,0,0,0,0,0,0
1785576803.228295283,0,0,0,0,0,0,0,0,0,0,0,0,419993937,379238638,0,0,0,0,0,0,0,0,0
1785576804.248674670,0,0,0,0,0,0,0,0,0,0,0,0,419996999,379241637,0,0,0,0,0,0,0,0,0
1785576805.269784620,0,0,0,0,0,0,0,0,0,0,0,0,420000066,379244667,0,0,0,0,0,0,0,0,0
1785576806.290959882,0,0,0,0,0,0,0,0,0,0,0,0,420003124,379247710,0,0,0,0,0,0,0,0,0
1785576807.307935730,0,0,0,0,0,0,0,0,0,0,0,0,420006177,379250661,0,0,0,0,0,0,0,0,0
1785576808.325176527,0,0,0,0,0,0,0,0,0,0,0,0,420009231,379253699,0,0,0,0,0,0,0,0,0
1785576809.346932494,0,0,0,0,0,0,0,0,0,0,0,0,420012291,379256742,0,0,0,0,0,0,0,0,0
1785576810.368956442,0,0,0,0,0,0,0,0,0,0,0,0,420015356,379259730,0,0,0,0,0,0,0,0,0
1785576811.390508393,0,0,0,0,0,0,0,0,0,0,0,0,420018418,379262774,0,0,0,0,0,0,0,0,0
1785576812.412527828,0,0,0,0,0,0,0,0,0,0,0,0,420021482,379265820,0,0,0,0,0,0,0,0,0
1785576813.435382142,0,0,0,0,0,0,0,0,0,0,0,0,420024550,379268806,0,0,0,0,0,0,0,0,0
1785576814.457423491,0,0,0,0,0,0,0,0,0,0,0,0,420027614,379271856,0,0,0,0,0,0,0,0,0
1785576815.479445147,0,0,0,0,0,0,0,0,0,0,0,0,420030682,379274903,0,0,0,0,0,0,0,0,0
1785576816.499336206,0,0,0,0,0,0,0,0,0,0,0,0,420033741,379277880,0,0,0,0,0,0,0,0,0
1785576817.519468186,0,0,0,0,0,0,0,0,0,0,0,0,420036800,379280902,0,0,0,0,0,0,0,0,0
1785576818.538352954,0,0,0,0,0,0,0,0,0,0,0,0,420039854,379283917,0,0,0,0,0,0,0,0,0
1785576819.561528627,0,0,0,0,0,0,0,0,0,0,0,0,420042923,379286927,0,0,0,0,0,0,0,0,0
1785576820.583348904,0,0,0,0,0,0,0,0,0,0,0,0,420045987,379289977,0,0,0,0,0,0,0,0,0
1785576821.602761937,0,0,0,0,0,0,0,0,0,0,0,0,420049045,379292995,0,0,0,0,0,0,0,0,0
1785576822.625051508,0,0,0,0,0,0,0,0,0,0,0,0,420052109,379296002,0,0,0,0,0,0,0,0,0
1785576823.647663966,0,0,0,0,0,0,0,0,0,0,0,0,420055176,379299053,0,0,0,0,0,0,0,0,0
1785576824.668794909,0,0,0,0,0,0,0,0,0,0,0,0,420058236,379302058,0,0,0,0,0,0,0,0,0
1785576825.691851390,0,0,0,0,0,0,0,0,0,0,0,0,420061302,379305085,0,0,0,0,0,0,0,0,0
1785576826.714276765,0,0,0,0,0,0,0,0,0,0,0,0,420064371,379308138,0,0,0,0,0,0,0,0,0
1785576827.735734105,0,0,0,0,0,0,0,0,0,0,0,0,420067434,379311127,0,0,0,0,0,0,0,0,0
1785576828.757860545,0,0,0,0,0,0,0,0,0,0,0,0,420070499,379314150,0,0,0,0,0,0,0,0,0
1785576829.781437743,0,0,0,0,0,0,0,0,0,0,0,0,420073567,379317204,0,0,0,0,0,0,0,0,0
1785576830.805100110,0,0,0,0,0,0,0,0,0,0,0,0,420076639,379320202,0,0,0,0,0,0,0,0,0
1785576831.827753955,0,0,0,0,0,0,0,0,0,0,0,0,420079706,379323242,0,0,0,0,0,0,0,0,0
1785576832.850308104,0,0,0,0,0,0,0,0,0,0,0,0,420082774,379326293,0,0,0,0,0,0,0,0,0
1785576833.873329480,0,0,0,0,0,0,0,0,0,0,0,0,420085840,379329290,0,0,0,0,0,0,0,0,0
1785576834.895650656,0,0,0,0,0,0,0,0,0,0,0,0,420088906,379332329,0,0,0,0,0,0,0,0,0
1785576835.916867403,0,0,0,0,0,0,0,0,0,0,0,0,420091969,379335373,0,0,0,0,0,0,0,0,0
1785576836.938447573,0,0,0,0,0,0,0,0,0,0,0,0,420095030,379338357,0,0,0,0,0,0,0,0,0
1785576837.960204392,0,0,0,0,0,0,0,0,0,0,0,0,420098092,379341384,0,0,0,0,0,0,0,0,0
1785576838.982017062,0,0,0,0,0,0,0,0,0,0,0,0,420101156,379344432,0,0,0,0,0,0,0,0,0
1785576840.003973190,0,0,0,0,0,0,0,0,0,0,0,0,420104222,379347415,0,0,0,0,0,0,0,0,0
1785576841.026222189,0,0,0,0,0,0,0,0,0,0,0,0,420107289,379350466,0,0,0,0,0,0,0,0,0
1785576842.047479386,0,0,0,0,0,0,0,0,0,0,0,0,420110352,379353495,0,0,0,0,0,0,0,0,0
1785576843.069424524,0,0,0,0,0,0,0,0,0,0,0,0,420113415,379356498,0,0,0,0,0,0,0,0,0
1785576844.091703634,0,0,0,0,0,0,0,0,0,0,0,0,420116480,379359549,0,0,0,0,0,0,0,0,0
1785576845.113112289,0,0,0,0,0,0,0,0,0,0,0,0,420119544,379362580,0,0,0,0,0,0,0,0,0
1785576846.135676718,0,0,0,0,0,0,0,0,0,0,0,0,420122611,379365578,0,0,0,0,0,0,0,0,0
1785576847.157913084,0,0,0,0,0,0,0,0,0,0,0,0,420125677,379368630,0,0,0,0,0,0,0,0,0
1785576848.178011075,0,0,0,0,0,0,0,0,0,0,0,0,420128740,379371610,0,0,0,0,0,0,0,0,0
1785576849.199827285,0,0,0,0,0,0,0,0,0,0,0,0,420131802,379374577,0,0,0,0,0,0,0,0,0
1785576850.221355694,0,0,0,0,0,0,0,0,0,0,0,0,420134865,379377625,0,0,0,0,0,0,0,0,0
1785576851.242783834,0,0,0,0,0,0,0,0,0,0,0,0,420137929,379380643,0,0,0,0,0,0,0,0,0
1785576852.264927076,0,0,0,0,0,0,0,0,0,0,0,0,420140994,379383656,0,0,0,0,0,0,0,0,0
1785576853.286833504,0,0,0,0,0,0,0,0,0,0,0,0,420144060,379386706,0,0,0,0,0,0,0,0,0
1785576854.307259589,0,0,0,0,0,0,0,0,0,0,0,0,420147120,379389722,0,0,0,0,0,0,0,0,0
1785576855.328752499,0,0,0,0,0,0,0,0,0,0,0,0,420150184,379392730,0,0,0,0,0,0,0,0,0
1785576856.351176743,0,0,0,0,0,0,0,0,0,0,0,0,420153249,379395781,0,0,0,0,0,0,0,0,0
1785576857.372028598,0,0,0,0,0,0,0,0,0,0,0,0,420156310,379398775,0,0,0,0,0,0,0,0,0
1785576858.394565817,0,0,0,0,0,0,0,0,0,0,0,0,420159378,379401810,0,0,0,0,0,0,0,0,0
1785576859.416712708,0,0,0,0,0,0,0,0,0,0,0,0,420162444,379404835,0,0,0,0,0,0,0,0,0
1785576860.437544052,0,0,0,0,0,0,0,0,0,0,0,0,420165504,379407831,0,0,0,0,0,0,0,0,0
1785576861.459897613,0,0,0,0,0,0,0,0,0,0,0,0,420168570,379410862,0,0,0,0,0,0,0,0,0
1785576862.482187912,0,0,0,0,0,0,0,0,0,0,0,0,420171635,379413913,0,0,0,0,0,0,0,0,0
1785576863.503938618,0,0,0,0,0,0,0,0,0,0,0,0,420174699,379416891,0,0,0,0,0,0,0,0,0
1785576864.525993662,0,0,0,0,0,0,0,0,0,0,0,0,420177763,379419941,0,0,0,0,0,0,0,0,0
1785576865.548124815,0,0,0,0,0,0,0,0,0,0,0,0,420180828,379422990,0,0,0,0,0,0,0,0,0
1785576866.569279525,0,0,0,0,0,0,0,0,0,0,0,0,420183890,379425967,0,0,0,0,0,0,0,0,0
1785576867.590670478,0,0,0,0,0,0,0,0,0,0,0,0,420186951,379429014,0,0,0,0,0,0,0,0,0
1785576868.611300631,0,0,0,0,0,0,0,0,0,0,0,0,420190010,379432052,0,0,0,0,0,0,0,0,0
1785576869.634151481,0,0,0,0,0,0,0,0,0,0,0,0,420193076,379435021,0,0,0,0,0,0,0,0,0
1785576870.656689523,0,0,0,0,0,0,0,0,0,0,0,0,420196144,379438074,0,0,0,0,0,0,0,0,0
1785576871.677293200,0,0,0,0,0,0,0,0,0,0,0,0,420199207,379441117,0,0,0,0,0,0,0,0,0
1785576872.700939287,0,0,0,0,0,0,0,0,0,0,0,0,420202273,379444108,0,0,0,0,0,0,0,0,0
1785576873.723309417,0,0,0,0,0,0,0,0,0,0,0,0,420205338,379447160,0,0,0,0,0,0,0,0,0
1785576874.744454289,0,0,0,0,0,0,0,0,0,0,0,0,420208401,379450181,0,0,0,0,0,0,0,0,0
1785576875.766261646,0,0,0,0,0,0,0,0,0,0,0,0,420211464,379453189,0,0,0,0,0,0,0,0,0
1785576876.788779779,0,0,0,0,0,0,0,0,0,0,0,0,420214531,379456241,0,0,0,0,0,0,0,0,0
1785576877.811171283,0,0,0,0,0,0,0,0,0,0,0,0,420217597,379459262,0,0,0,0,0,0,0,0,0
1785576878.833229747,0,0,0,0,0,0,0,0,0,0,0,0,420220662,379462271,0,0,0,0,0,0,0,0,0
1785576879.854843223,0,0,0,0,0,0,0,0,0,0,0,0,420223726,379465301,0,0,0,0,0,0,0,0,0
1785576880.875306123,0,0,0,0,0,0,0,0,0,0,0,0,420226786,379468298,0,0,0,0,0,0,0,0,0
1785576881.896818359,0,0,0,0,0,0,0,0,0,0,0,0,420229848,379471325,0,0,0,0,0,0,0,0,0
1785576882.917392244,0,0,0,0,0,0,0,0,0,0,0,0,420232909,379474371,0,0,0,0,0,0,0,0,0
1785576883.937777088,0,0,0,0,0,0,0,0,0,0,0,0,420235968,379477371,0,0,0,0,0,0,0,0,0
1785576884.961326883,0,0,0,0,0,0,0,0,0,0,0,0,420239037,379480403,0,0,0,0,0,0,0,0,0
1785576885.983958030,0,0,0,0,0,0,0,0,0,0,0,0,420242105,379483455,0,0,0,0,0,0,0,0,0
1785576887.005653762,0,0,0,0,0,0,0,0,0,0,0,0,420245168,379486439,0,0,0,0,0,0,0,0,0
1785576888.027341925,0,0,0,0,0,0,0,0,0,0,0,0,420248231,379489484,0,0,0,0,0,0,0,0,0
1785576889.049685800,0,0,0,0,0,0,0,0,0,0,0,0,420251295,379492534,0,0,0,0,0,0,0,0,0
1785576890.070795303,0,0,0,0,0,0,0,0,0,0,0,0,420254356,379495493,0,0,0,0,0,0,0,0,0
1785576891.093748194,0,0,0,0,0,0,0,0,0,0,0,0,420257425,379498545,0,0,0,0,0,0,0,0,0
1785576892.114956646,0,0,0,0,0,0,0,0,0,0,0,0,420260488,379501588,0,0,0,0,0,0,0,0,0
1785576893.137092661,0,0,0,0,0,0,0,0,0,0,0,0,420263549,379504574,0,0,0,0,0,0,0,0,0
1785576894.159645394,0,0,0,0,0,0,0,0,0,0,0,0,420266616,379507626,0,0,0,0,0,0,0,0,0
1785576895.181125383,0,0,0,0,0,0,0,0,0,0,0,0,420269680,379510671,0,0,0,0,0,0,0,0,0
1785576896.203784688,0,0,0,0,0,0,0,0,0,0,0,0,420272746,379513660,0,0,0,0,0,0,0,0,0
1785576897.226470307,0,0,0,0,0,0,0,0,0,0,0,0,420275813,379516712,0,0,0,0,0,0,0,0,0
1785576898.247260744,0,0,0,0,0,0,0,0,0,0,0,0,420278874,379519735,0,0,0,0,0,0,0,0,0
1785576899.268861609,0,0,0,0,0,0,0,0,0,0,0,0,420281937,379522740,0,0,0,0,0,0,0,0,0
1785576900.286788936,0,0,0,0,0,0,0,0,0,0,0,0,420284990,379525757,0,0,0,0,0,0,0,0,0
1785576901.306134555,0,0,0,0,0,0,0,0,0,0,0,0,420288049,379528775,0,0,0,0,0,0,0,0,0
1785576902.328157273,0,0,0,0,0,0,0,0,0,0,0,0,420291107,379531779,0,0,0,0,0,0,0,0,0
1785576903.347135530,0,0,0,0,0,0,0,0,0,0,0,0,420294165,379534820,0,0,0,0,0,0,0,0,0
1785576904.368993422,0,0,0,0,0,0,0,0,0,0,0,0,420297227,379537828,0,0,0,0,0,0,0,0,0
1785576905.390057142,0,0,0,0,0,0,0,0,0,0,0,0,420300290,379540851,0,0,0,0,0,0,0,0,0
1785576906.412783677,0,0,0,0,0,0,0,0,0,0,0,0,420303356,379543903,0,0,0,0,0,0,0,0,0
1785576907.434171383,0,0,0,0,0,0,0,0,0,0,0,0,420306418,379546905,0,0,0,0,0,0,0,0,0
1785576908.455773211,0,0,0,0,0,0,0,0,0,0,0,0,420309483,379549933,0,0,0,0,0,0,0,0,0
1785576909.478374271,0,0,0,0,0,0,0,0,0,0,0,0,420312549,379552984,0,0,0,0,0,0,0,0,0
1785576910.500243270,0,0,0,0,0,0,0,0,0,0,0,0,420315612,379555918,0,0,0,0,0,0,0,0,0
1785576911.522911109,0,0,0,0,0,0,0,0,0,0,0,0,420318678,379558938,0,0,0,0,0,0,0,0,0
1785576912.546132150,0,0,0,0,0,0,0,0,0,0,0,0,420321746,379561992,0,0,0,0,0,0,0,0,0
1785576913.567924656,0,0,0,0,0,0,0,0,0,0,0,0,420324810,379564977,0,0,0,0,0,0,0,0,0
1785576914.591513899,0,0,0,0,0,0,0,0,0,0,0,0,420327879,379568027,0,0,0,0,0,0,0,0,0
1785576915.614177235,0,0,0,0,0,0,0,0,0,0,0,0,420330947,379571080,0,0,0,0,0,0,0,0,0
1785576916.636750292,0,0,0,0,0,0,0,0,0,0,0,0,420334013,379574079,0,0,0,0,0,0,0,0,0
1785576917.658895098,0,0,0,0,0,0,0,0,0,0,0,0,420337077,379577117,0,0,0,0,0,0,0,0,0
1785576918.680877190,0,0,0,0,0,0,0,0,0,0,0,0,420340142,379580163,0,0,0,0,0,0,0,0,0
1785576919.704074179,0,0,0,0,0,0,0,0,0,0,0,0,420343209,379583150,0,0,0,0,0,0,0,0,0
1785576920.726131272,0,0,0,0,0,0,0,0,0,0,0,0,420346279,379586179,0,0,0,0,0,0,0,0,0
1785576921.747252081,0,0,0,0,0,0,0,0,0,0,0,0,420349337,379589222,0,0,0,0,0,0,0,0,0
1785576922.766851737,0,0,0,0,0,0,0,0,0,0,0,0,420352393,379592197,0,0,0,0,0,0,0,0,0
1785576923.788931338,0,0,0,0,0,0,0,0,0,0,0,0,420355459,379595247,0,0,0,0,0,0,0,0,0
1785576924.813207045,0,0,0,0,0,0,0,0,0,0,0,0,420358538,379598284,0,0,0,0,0,0,0,0,0
1785576925.834128999,0,0,0,0,0,0,0,0,0,0,0,0,420361593,379601286,0,0,0,0,0,0,0,0,0
1785576926.854756448,0,0,0,0,0,0,0,0,0,0,0,0,420364654,379604331,0,0,0,0,0,0,0,0,0
1785576927.874048985,0,0,0,0,0,0,0,0,0,0,0,0,420367708,379607353,0,0,0,0,0,0,0,0,0
1785576928.894870277,0,0,0,0,0,0,0,0,0,0,0,0,420370770,379610349,0,0,0,0,0,0,0,0,0
1785576929.915407423,0,0,0,0,0,0,0,0,0,0,0,0,420373831,379613395,0,0,0,0,0,0,0,0,0
1785576930.935075294,0,0,0,0,0,0,0,0,0,0,0,0,420376886,379616385,0,0,0,0,0,0,0,0,0
1785576931.951523201,0,192219,0,0,0,0,0,192685,46701,646200,0,0,420379852,379618743,0,0,0,193449,74531,860000,0,25531,2411
1785576932.966382454,0,1000064,0,0,0,0,0,1000064,30498,483200,0,0,420382605,379620316,0,0,0,1000064,53750,782100,0,22463,788
1785576933.986852559,0,1000064,0,0,0,0,0,1000064,30498,483200,0,0,420385658,379623326,0,0,0,1000064,53750,782100,0,22463,788
1785576935.007874987,0,1000064,0,0,0,0,0,1000064,30498,483200,0,0,420388721,379626337,0,0,0,1000064,53750,782100,0,22463,788
1785576936.033047882,3518171,1000064,3518171,0,3520102,29152,85700,1000064,30498,483200,0,0,420391790,379628387,3532694,371318,3276700,1000064,53750,782100,342900,22463,788
1785576937.056140888,15635996,1000064,15635996,0,15637677,25714,67800,1000064,30498,483200,0,0,420394865,379628395,15650871,274531,810300,1000064,53750,782100,248979,22463,788
1785576938.084794933,28014335,1000064,28014335,0,28015874,25147,64900,1000064,30498,483200,0,0,420397946,379628408,28029274,259368,681500,1000064,53750,782100,234304,22463,788
1785576939.110510176,40401876,1000064,40401876,0,40405528,24900,63700,1000064,30498,483200,0,0,420401012,379628411,40421310,253072,640400,1000064,53750,782100,228228,22463,788
1785576940.138941768,52439406,1000064,52439406,0,52441677,24933,63600,1000064,30498,483200,0,0,420404099,379628433,52455153,251630,631500,1000064,53750,782100,226749,22463,788
1785576941.166411155,64632765,1000064,64632765,0,64635788,24917,63400,1000064,30498,483200,0,0,420407187,379628442,64650540,251067,643700,1000064,53750,782100,226194,22463,788
1785576942.194251970,76846765,1000064,76846765,0,76849012,24880,63200,1000064,30498,483200,0,0,420410257,379628455,76863413,249932,638900,1000064,53750,782100,225083,22463,788
1785576943.217744879,88841704,1000064,88841704,0,88844929,24906,63200,1000064,30498,483200,0,0,420413335,379628465,88859123,249704,637400,1000064,53750,782100,224824,22463,788
1785576944.243079972,101182087,1000064,101182087,0,101183488,24839,63000,1000064,30498,483200,0,0,420416411,379628468,101196283,248621,631000,1000064,53750,782100,223806,22463,788
1785576945.268619673,113431080,1000064,113431080,0,113433952,24799,62900,1000064,30498,483200,0,0,420419485,379628468,113447637,247893,625400,1000064,53750,782100,223115,22463,788
1785576946.294111153,125315842,1000064,125315842,0,125317858,24834,62900,1000064,30498,483200,0,0,420422558,379628477,125330809,247994,623500,1000064,53750,782100,223178,22463,788
1785576947.315473473,137618344,1000064,137618344,0,137620644,24791,62800,1000064,30498,483200,0,0,420425621,379628483,137635369,247324,620100,1000064,53750,782100,222550,22463,788
1785576948.339300073,149845766,1000064,149845766,0,149847546,24764,62600,1000064,30498,483200,0,0,420428687,379628489,149860431,246941,618200,1000064,53750,782100,222194,22463,788
1785576949.364722318,161856270,1000064,161856270,0,161858981,24780,62700,1000064,30498,483200,0,0,420431764,379628500,161872815,246979,617200,1000064,53750,782100,222214,22463,788
1785576950.385498328,174091997,1000064,174091997,0,174093936,24758,62600,1000064,30498,483200,0,0,420434826,379628508,174108073,246558,613800,1000064,53750,782100,221812,22463,788
1785576951.409276777,186323385,1000064,186323385,0,186325555,24746,62600,1000064,30498,483200,0,0,420437897,379628516,186339107,246294,611700,1000064,53750,782100,221560,22463,788
1785576952.433745302,198151618,1000064,198151618,0,198154371,24776,62600,1000064,30498,483200,0,0,420440969,379628526,198167880,246599,613100,1000064,53750,782100,221832,22463,788
1785576953.461371609,210499581,1000064,210499581,0,210502428,24757,62600,1000064,30498,483200,0,0,420444043,379628532,210517462,246168,609900,1000064,53750,782100,221422,22463,788
1785576954.485489768,222716521,1000064,222716521,0,222718872,24757,62600,1000064,30498,483200,0,0,420447121,379628548,222732759,246002,608600,1000064,53750,782100,221255,22463,788
1785576955.510224965,234785335,1000064,234785335,0,234787163,24765,62500,1000064,30498,483200,0,0,420450193,379628575,234801907,246000,608000,1000064,53750,782100,221243,22463,788
1785576956.535880523,247129776,1000064,247129776,0,247131554,24752,62500,1000064,30498,483200,0,0,420453267,379628576,247144373,245682,605600,1000064,53750,782100,220939,22463,788
1785576957.557180271,259314771,1000064,259314771,0,259316379,24751,62500,1000064,30498,483200,0,0,420456331,379628579,259327986,245527,604000,1000064,53750,782100,220783,22463,788
1785576958.585359920,271377176,1000064,271377176,0,271379324,24757,62500,1000064,30498,483200,0,0,420459413,379628602,271392906,245575,604500,1000064,53750,782100,220826,22463,788
1785576959.608675907,283667245,1000064,283667245,0,283669123,24746,62500,1000064,30498,483200,0,0,420462481,379628603,283683331,245373,603000,1000064,53750,782100,220634,22463,788
1785576960.631704382,295739911,1000064,295739911,0,295740969,24745,62500,1000064,30498,483200,0,0,420465549,379628606,295752686,245383,603100,1000064,53750,782100,220644,22463,788
1785576961.659313295,307932650,1000064,307932650,0,307934477,24744,62500,1000064,30498,483200,0,0,420468629,379628608,307948208,245300,603100,1000064,53750,782100,220562,22463,788
1785576962.680155828,320103818,1000064,320103818,0,320105630,24747,62500,1000064,30498,483200,0,0,420471690,379628617,320119276,245250,603000,1000064,53750,782100,220509,22463,788
1785576963.703014249,332207141,1000064,332207141,0,332210345,24751,62500,1000064,30498,483200,0,0,420474756,379628636,332223739,245213,602500,1000064,53750,782100,220468,22463,788
1785576964.728312793,344306180,1000064,344306180,0,344308552,24755,62500,1000064,30498,483200,0,0,420477828,379628646,344323686,245272,602900,1000064,53750,782100,220523,22463,788
1785576965.743068308,355907832,1000064,355907832,0,355907832,24745,62400,1000064,30498,483200,0,0,420480879,379628825,355907832,245080,601900,1000064,53750,782100,220334,22463,788
1785576966.761574415,355907832,1000064,355907832,0,355907832,24745,62400,1000064,30498,483200,0,0,420483929,379631805,355907832,245080,601900,1000064,53750,782100,220334,22463,788
1785576967.784794340,355907832,1000064,355907832,0,355907832,24745,62400,1000064,30498,483200,0,0,420486996,379634856,355907832,245080,601900,1000064,53750,782100,220334,22463,788
1785576968.808848006,355907832,1000064,355907832,0,355907832,24745,62400,1000064,30498,483200,0,0,420490067,379637911,355907832,245080,601900,1000064,53750,782100,220334,22463,788
1785576969.830168580,355907832,1000064,355907832,0,355907832,24745,62400,1000064,30498,483200,0,0,420493132,379640910,355907832,245080,601900,1000064,53750,782100,220334,22463,788
1785576970.853734875,355907832,1000064,355907832,0,355907832,24745,62400,1000064,30498,483200,0,0,420496199,379643940,355907832,245080,601900,1000064,53750,782100,220334,22463,788
1785576971.869277704,355907832,1000064,355907832,0,355907832,24745,62400,1000064,30498,483200,0,0,420499248,379646972,355907832,245080,601900,1000064,53750,782100,220334,22463,788
1785576972.888002371,355907832,1000064,355907832,0,355907832,24745,62400,1000064,30498,483200,0,0,420502295,379649869,355907832,245080,601900,1000064,53750,782100,220334,22463,788
1785576973.911997601,355907832,1000064,355907832,0,355907832,24745,62400,1000064,30498,483200,0,0,420505367,379652921,355907832,245080,601900,1000064,53750,782100,220334,22463,788
1785576974.935998953,355907832,1000064,355907832,0,355907832,24745,62400,1000064,30498,483200,0,0,420508438,379655976,355907832,245080,601900,1000064,53750,782100,220334,22463,788
1785576975.956299514,355907832,1000064,355907832,0,355907832,24745,62400,1000064,30498,483200,0,0,420511497,379658952,355907832,245080,601900,1000064,53750,782100,220334,22463,788
1785576976.979092149,355907832,1000064,355907832,0,355907832,24745,62400,1000064,30498,483200,0,0,420514563,379662003,355907832,245080,601900,1000064,53750,782100,220334,22463,788
1785576978.003585258,355907832,1000064,355907832,0,355907832,24745,62400,1000064,30498,483200,0,0,420517633,379665050,355907832,245080,601900,1000064,53750,782100,220334,22463,788
1785576979.025800938,355907832,1000064,355907832,0,355907832,24745,62400,1000064,30498,483200,0,0,420520701,379668038,355907832,245080,601900,1000064,53750,782100,220334,22463,788
1785576980.048837160,355907832,1000064,355907832,0,355907832,24745,62400,1000064,30498,483200,0,0,420523768,379671090,355907832,245080,601900,1000064,53750,782100,220334,22463,788
1785576981.071450757,355907832,1000064,355907832,0,355907832,24745,62400,1000064,30498,483200,0,0,420526834,379674136,355907832,245080,601900,1000064,53750,782100,220334,22463,788
1785576982.095754133,355907832,1000064,355907832,0,355907832,24745,62400,1000064,30498,483200,0,0,420529903,379677128,355907832,245080,601900,1000064,53750,782100,220334,22463,788
1785576983.118983685,355907832,1000064,355907832,0,355907832,24745,62400,1000064,30498,483200,0,0,420532973,379680161,355907832,245080,601900,1000064,53750,782100,220334,22463,788
1785576984.138970390,355907832,1000064,355907832,0,355907832,24745,62400,1000064,30498,483200,0,0,420536036,379683183,355907832,245080,601900,1000064,53750,782100,220334,22463,788
1785576985.162539315,355907832,1000064,355907832,0,355907832,24745,62400,1000064,30498,483200,0,0,420539099,379686189,355907832,245080,601900,1000064,53750,782100,220334,22463,788
1785576986.185821206,355907832,1000064,355907832,0,355907832,24745,62400,1000064,30498,483200,0,0,420542168,379689242,355907832,245080,601900,1000064,53750,782100,220334,22463,788
1785576987.208353723,355907832,1000064,355907832,0,355907832,24745,62400,1000064,30498,483200,0,0,420545236,379692266,355907832,245080,601900,1000064,53750,782100,220334,22463,788
1785576988.245989538,355907832,1698820,355907832,0,355907832,24745,62400,1702679,21671,195200,0,0,420548345,379694734,355907832,245080,601900,1707414,35616,598500,220334,13457,526
1785576989.285167157,355907832,6034911,355907832,0,355907832,24745,62400,6038632,11770,83200,0,0,420551444,379694750,355907832,245080,601900,6043193,16273,140200,220334,4261,244
1785576990.320763279,355907832,10263052,355907832,0,355907832,24745,62400,10266864,10217,61300,0,0,420554537,379694811,355907832,245080,601900,10271456,13206,103500,220334,2777,211
1785576991.358868810,355907832,14543562,355907832,0,355907832,24745,62400,14547320,9548,51500,0,0,420557634,379694836,355907832,245080,601900,14551842,11889,83300,220334,2150,191
1785576992.401441628,355907832,18881270,355907832,0,355907832,24745,62400,18884971,9178,45100,0,0,420560745,379694862,355907832,245080,601900,18889496,11160,70100,220334,1803,178
1785576993.439556724,355907832,23069266,355907832,0,355907832,24745,62400,23076435,8977,41100,0,0,420563842,379694942,355907832,245080,601900,23081220,10751,62100,220334,1595,178
1785576994.487466156,355907832,27412150,355907832,0,355907832,24745,62400,27416130,8813,38500,0,0,420566967,379694960,355907832,245080,601900,27421094,10430,56400,220334,1445,171
1785576995.525453950,355907832,31724726,355907832,0,355907832,24745,62400,31728569,8693,36900,0,0,420570065,379694985,355907832,245080,601900,31733429,10196,52100,220334,1335,166
1785576996.562325880,355907832,35929181,355907832,0,355907832,24745,62400,35933161,8617,36000,0,0,420573161,379695050,355907832,245080,601900,35938132,10041,48800,220334,1256,166
1785576997.603749594,355907832,40259822,355907832,0,355907832,24745,62400,40263672,8542,35200,0,0,420576274,379695060,355907832,245080,601900,40268868,9895,45800,220334,1190,162
1785576998.640893052,355907832,44557530,355907832,0,355907832,24745,62400,44561707,8483,34600,0,0,420579369,379695087,355907832,245080,601900,44567065,9781,43500,220334,1138,159
1785576999.676894345,355907832,48754472,355907832,0,355907832,24745,62400,48757785,8446,34200,0,0,420582451,379695147,355907832,245080,601900,48762528,9704,41900,220334,1096,159
1785577000.713448359,355907832,53058812,355907832,0,355907832,24745,62400,53062994,8404,33800,0,0,420585550,379695171,355907832,245080,601900,53068109,9623,40500,220334,1060,157
1785577001.750094051,355907832,57338180,355907832,0,355907832,24745,62400,57342007,8371,33500,0,0,420588645,379695201,355907832,245080,601900,57347200,9558,39600,220334,1029,156
1785577002.792734523,355907832,61588676,355907832,0,355907832,24745,62400,61592650,8346,33200,0,0,420591757,379695256,355907832,245080,601900,61597767,9507,38800,220334,1003,156
1785577003.829744262,355907832,65879892,355907832,0,355907832,24745,62400,65883978,8321,33000,0,0,420594845,379695289,355907832,245080,601900,65889152,9458,38200,220334,980,155
1785577004.864311884,355907832,70133426,355907832,0,355907832,24745,62400,70137403,8301,32800,0,0,420597945,379695334,355907832,245080,601900,70142521,9417,37700,220334,960,154
1785577005.904162769,355907832,74393669,355907832,0,355907832,24745,62400,74397764,8283,32600,0,0,420601049,379695372,355907832,245080,601900,74402620,9380,37300,220334,942,154
1785577006.939017302,355907832,78681080,355907832,0,355907832,24745,62400,78684480,8265,32400,0,0,420604141,379695402,355907832,245080,601900,78688842,9346,36900,220334,926,153
1785577007.978265883,355907832,82911886,355907832,0,355907832,24745,62400,82915953,8253,32300,0,0,420607236,379695458,355907832,245080,601900,82921013,9320,36600,220334,912,153
1785577009.015717056,355907832,87215845,355907832,0,355907832,24745,62400,87219799,8237,32200,0,0,420610340,379695479,355907832,245080,601900,87224928,9290,36300,220334,899,152
1785577010.050510318,355907832,91506124,355907832,0,355907832,24745,62400,91510077,8223,32000,0,0,420613431,379695500,355907832,245080,601900,91515693,9263,36100,220334,887,151
1785577011.084451140,355907832,95703722,355907832,0,355907832,24745,62400,95707887,8216,32000,0,0,420616517,379695559,355907832,245080,601900,95713097,9246,35900,220334,877,152
1785577012.122764339,355907832,100008784,355907832,0,355907832,24745,62400,100012728,8204,31900,0,0,420619616,379695574,355907832,245080,601900,100017723,9223,35700,220334,867,151
1785577013.158895901,355907832,104311923,355907832,0,355907832,24745,62400,104315514,8193,31800,0,0,420622709,379695594,355907832,245080,601900,104320212,9203,35500,220334,858,150
1785577014.191993689,355907832,108495017,355907832,0,355907832,24745,62400,108499069,8188,31700,0,0,420625800,379695654,355907832,245080,601900,108504073,9191,35400,220334,851,151
1785577015.233844078,355907832,112806826,355907832,0,355907832,24745,62400,112810941,8178,31600,0,0,420628899,379695675,355907832,245080,601900,112816630,9172,35200,220334,843,150
1785577016.269286897,355907832,117087837,355907832,0,355907832,24745,62400,117091506,8170,31600,0,0,420632005,379695699,355907832,245080,601900,117096642,9157,35100,220334,836,150
1785577017.304931509,355907832,121314631,355907832,0,355907832,24745,62400,121318694,8165,31500,0,0,420635091,379695744,355907832,245080,601900,121324377,9146,35000,220334,829,150
1785577018.319130442,355907832,124451837,355907832,0,355907832,24745,62400,124451837,8159,31500,0,0,420638131,379696557,355907832,245080,601900,124451837,9134,34900,220334,825,149
1785577019.337554799,355907832,124451837,355907832,0,355907832,24745,62400,124451837,8159,31500,0,0,420641179,379699568,355907832,245080,601900,124451837,9134,34900,220334,825,149
1785577020.361302170,355907832,124451837,355907832,0,355907832,24745,62400,124451837,8159,31500,0,0,420644249,379702583,355907832,245080,601900,124451837,9134,34900,220334,825,149
1785577021.384419194,355907832,124451837,355907832,0,355907832,24745,62400,124451837,8159,31500,0,0,420647318,379705636,355907832,245080,601900,124451837,9134,34900,220334,825,149
1785577022.407202958,355907832,124451837,355907832,0,355907832,24745,62400,124451837,8159,31500,0,0,420650384,379708646,355907832,245080,601900,124451837,9134,34900,220334,825,149
1785577023.431358471,355907832,124451837,355907832,0,355907832,24745,62400,124451837,8159,31500,0,0,420653456,379711675,355907832,245080,601900,124451837,9134,34900,220334,825,149
1785577024.455859133,355907832,124451837,355907832,0,355907832,24745,62400,124451837,8159,31500,0,0,420656526,379714708,355907832,245080,601900,124451837,9134,34900,220334,825,149
1785577025.478717209,355907832,124451837,355907832,0,355907832,24745,62400,124451837,8159,31500,0,0,420659595,379717711,355907832,245080,601900,124451837,9134,34900,220334,825,149
1785577026.502658883,355907832,124451837,355907832,0,355907832,24745,62400,124451837,8159,31500,0,0,420662666,379720747,355907832,245080,601900,124451837,9134,34900,220334,825,149
1785577027.525963069,355907832,124451837,355907832,0,355907832,24745,62400,124451837,8159,31500,0,0,420665735,379723801,355907832,245080,601900,124451837,9134,34900,220334,825,149
1785577028.548980496,355907832,124451837,355907832,0,355907832,24745,62400,124451837,8159,31500,0,0,420668802,379726793,355907832,245080,601900,124451837,9134,34900,220334,825,149
1785577029.573578564,355907832,124451837,355907832,0,355907832,24745,62400,124451837,8159,31500,0,0,420671876,379729838,355907832,245080,601900,124451837,9134,34900,220334,825,149
1785577030.597819889,355907832,124451837,355907832,0,355907832,24745,62400,124451837,8159,31500,0,0,420674946,379732893,355907832,245080,601900,124451837,9134,34900,220334,825,149
1785577031.621414683,355907832,124451837,355907832,0,355907832,24745,62400,124451837,8159,31500,0,0,420678017,379735881,355907832,245080,601900,124451837,9134,34900,220334,825,149
1785577032.646219383,355907832,124451837,355907832,0,355907832,24745,62400,124451837,8159,31500,0,0,420681091,379738939,355907832,245080,601900,124451837,9134,34900,220334,825,149
1785577033.669369329,355907832,124451837,355907832,0,355907832,24745,62400,124451837,8159,31500,0,0,420684159,379741990,355907832,245080,601900,124451837,9134,34900,220334,825,149
1785577034.692511554,355907832,124451837,355907832,0,355907832,24745,62400,124451837,8159,31500,0,0,420687229,379744948,355907832,245080,601900,124451837,9134,34900,220334,825,149
1785577035.718386973,355907832,124451837,355907832,0,355907832,24745,62400,124451837,8159,31500,0,0,420690301,379747990,355907832,245080,601900,124451837,9134,34900,220334,825,149
1785577036.741686245,355907832,124451837,355907832,0,355907832,24745,62400,124451837,8159,31500,0,0,420693373,379751035,355907832,245080,601900,124451837,9134,34900,220334,825,149
1785577037.766479018,355907832,124451837,355907832,0,355907832,24745,62400,124451837,8159,31500,0,0,420696445,379754033,355907832,245080,601900,124451837,9134,34900,220334,825,149
1785577038.790216999,355907832,124451837,355907832,0,355907832,24745,62400,124451837,8159,31500,0,0,420699517,379757089,355907832,245080,601900,124451837,9134,34900,220334,825,149
1785577039.810024727,355907832,124451837,355907832,0,355907832,24745,62400,124451837,8159,31500,0,0,420702577,379760132,355907832,245080,601900,124451837,9134,34900,220334,825,149
1785577040.832844400,355907832,124451837,355907832,0,355907832,24745,62400,124451837,8159,31500,0,0,420705645,379763116,355907832,245080,601900,124451837,9134,34900,220334,825,149
1785577041.858116475,359211215,124818944,359211215,0,359214830,24785,62700,124820021,8185,31600,1027,0,420708718,379764952,359223817,246748,616300,124821325,9160,35000,221969,824,149
1785577042.882191993,368234863,125821576,368234863,0,368245863,24833,62800,125822640,8246,31900,3359,0,420711783,379764968,368248764,248606,632600,125823985,9219,35200,223779,822,150
1785577043.907791530,377184446,126815977,377184446,0,377202598,24876,62900,126817044,8307,32100,5590,0,420714855,379765006,377197606,250307,644500,126818388,9278,35400,225436,819,150
1785577044.929042917,386310864,127830005,386310864,0,386334304,24911,62900,127831010,8366,32400,7749,0,420717911,379765018,386322863,251737,651000,127832260,9335,35600,226832,817,150
1785577045.951890853,395417052,128841812,395417052,0,395454144,24945,62900,128843428,8424,32700,9981,0,420720975,379765032,395434118,253103,656600,128844561,9391,35800,228162,815,151
1785577046.975047824,404389939,129838800,404389939,0,404427506,24984,63000,129839929,8481,32900,12212,0,420724038,379765050,404403105,254503,663500,129841234,9447,36000,229524,813,151
1785577048.003983029,413450764,130845562,413450764,0,413494629,25024,63100,130846575,8538,33100,14553,0,420727115,379765071,413462514,256046,674400,130847778,9502,36200,231028,810,151
1785577049.027770306,422324422,131831515,422324422,0,422376013,25069,63200,131832665,8595,33300,16787,0,420730189,379765100,422338253,257679,687400,131834038,9557,36300,232615,808,152
1785577050.053254030,431484245,132849274,431484245,0,431542068,25098,63200,132850356,8649,33500,19048,0,420733258,379765109,431496654,258880,691800,132851667,9609,36500,233787,806,152
1785577051.077636260,440658812,133868678,440658812,0,440723384,25122,63200,133869791,8703,33700,21258,0,420736323,379765118,440672345,259937,693800,133871075,9661,36600,234818,804,152
1785577052.104648821,449774295,134881506,449774295,0,449845040,25147,63200,134882479,8756,33900,23396,0,420739404,379765137,449786517,260960,695200,134883845,9712,36700,235817,802,152
1785577053.129959295,458838985,135888699,458838985,0,458917429,25174,63300,135889759,8808,34000,25621,0,420742471,379765151,458852296,262025,697700,135891143,9763,36900,236853,800,153
1785577054.154309279,468056461,136912861,468056461,0,468141443,25196,63300,136913925,8859,34200,27986,0,420745539,379765154,468069318,263029,700900,136915337,9812,37000,237836,798,153
1785577055.177573801,476898422,137895298,476898422,0,476989391,25232,63300,137896357,8911,34400,30126,0,420748603,379765182,476911319,264163,705500,137897614,9862,37100,238933,796,153
1785577056.199329680,486012096,138907932,486012096,0,486110264,25254,63400,138908976,8961,34500,32362,0,420751664,379765208,486025474,265104,707900,138910398,9910,37200,239852,794,153
1785577057.225688910,495206082,139929483,495206082,0,495310554,25273,63400,139930541,9010,34600,34599,0,420754735,379765226,495218998,265892,707400,139931869,9957,37300,240621,792,154
1785577058.249361117,504274217,140937056,504274217,0,504385543,25297,63400,140938062,9059,34800,36731,0,420757802,379765238,504286769,266710,707600,140939372,10005,37400,241415,790,154
1785577059.273146353,513406645,141951770,513406645,0,513523953,25317,63400,141952799,9106,34900,38950,0,420760867,379765249,513419083,267499,708800,141954147,10050,37500,242183,788,154
1785577060.300651544,522550565,142967764,522550565,0,522675292,25337,63400,142968852,9153,35000,41168,0,420763943,379765272,522563492,268274,709800,142970138,10095,37600,242938,787,154
1785577061.327240530,531459778,143957666,531459778,0,531590551,25364,63500,143958682,9201,35200,43335,0,420767020,379765296,531471968,269181,713000,143960015,10142,37700,243818,785,155
1785577062.357276563,540589967,144972142,540589967,0,540727764,25381,63500,144973178,9247,35300,45557,0,420770104,379765303,540603644,269914,714400,144974547,10186,37800,244533,783,155
1785577063.381981920,549761263,145991171,549761263,0,549906966,25397,63500,145992368,9292,35400,47850,0,420773172,379765310,549776075,270614,715500,145993756,10230,37800,245217,781,155
1785577064.406248290,558691660,146983439,558691660,0,558843534,25417,63500,146984505,9337,35500,50083,0,420776237,379765343,558705191,271355,716900,146985917,10274,37900,245938,780,155
1785577065.431535884,567740367,147988850,567740367,0,567898104,25436,63600,147989867,9382,35600,52327,0,420779305,379765366,567752855,272124,720000,147991087,10317,38000,246688,778,156
1785577066.455675103,576769698,148992108,576769698,0,576934886,25453,63600,148993181,9426,35700,54636,0,420782370,379765387,576783003,272852,722500,148994548,10359,38100,247398,776,156
1785577067.487786623,585759797,149991010,585759797,0,585931310,25473,63600,149992161,9470,35800,56874,0,420785446,379765408,585772882,273638,726000,149993636,10402,38200,248166,775,156
1785577068.510349515,594877026,151004026,594877026,0,595055112,25488,63600,151005105,9512,35900,59179,0,420788521,379765422,594889775,274346,729100,151006445,10443,38200,248858,773,156
1785577069.536384692,604039648,152022100,604039648,0,604225131,25503,63600,152023100,9553,35900,61543,0,420791595,379765434,604051890,275007,731700,152024363,10483,38300,249504,771,156
1785577070.556192529,612895980,153006130,612895980,0,613087574,25521,63700,153007132,9596,36000,63728,0,420794651,379765469,612908246,275702,734000,153008366,10524,38400,250180,770,157
1785577071.571315511,620926245,153898381,620926245,0,621123174,25530,63600,153898381,9630,36100,65643,0,420797692,379765854,620926245,276137,734000,153898381,10557,38400,250602,768,157
1785577072.589832059,620926245,153898381,620926245,0,621123174,25530,63600,153898381,9630,36100,65643,0,420800742,379768853,620926245,276137,734000,153898381,10557,38400,250602,768,157
1785577073.613035115,620926245,153898381,620926245,0,621123174,25530,63600,153898381,9630,36100,65643,0,420803809,379771886,620926245,276137,734000,153898381,10557,38400,250602,768,157
1785577074.637816718,620926245,153898381,620926245,0,621123174,25530,63600,153898381,9630,36100,65643,0,420806882,379774942,620926245,276137,734000,153898381,10557,38400,250602,768,157
1785577075.660527035,620926245,153898381,620926245,0,621123174,25530,63600,153898381,9630,36100,65643,0,420809950,379777949,620926245,276137,734000,153898381,10557,38400,250602,768,157
1785577076.683937352,620926245,153898381,620926245,0,621123174,25530,63600,153898381,9630,36100,65643,0,420813018,379780959,620926245,276137,734000,153898381,10557,38400,250602,768,157
1785577077.707252330,620926245,153898381,620926245,0,621123174,25530,63600,153898381,9630,36100,65643,0,420816088,379784013,620926245,276137,734000,153898381,10557,38400,250602,768,157
1785577078.729015611,620926245,153898381,620926245,0,621123174,25530,63600,153898381,9630,36100,65643,0,420819151,379786992,620926245,276137,734000,153898381,10557,38400,250602,768,157
1785577079.753340172,620926245,153898381,620926245,0,621123174,25530,63600,153898381,9630,36100,65643,0,420822222,379790047,620926245,276137,734000,153898381,10557,38400,250602,768,157
1785577080.777097079,620926245,153898381,620926245,0,621123174,25530,63600,153898381,9630,36100,65643,0,420825292,379793100,620926245,276137,734000,153898381,10557,38400,250602,768,157
1785577081.800540377,620926245,153898381,620926245,0,621123174,25530,63600,153898381,9630,36100,65643,0,420828362,379796105,620926245,276137,734000,153898381,10557,38400,250602,768,157
1785577082.820339852,620926245,153898381,620926245,0,621123174,25530,63600,153898381,9630,36100,65643,0,420831421,379799128,620926245,276137,734000,153898381,10557,38400,250602,768,157
1785577083.842981408,620926245,153898381,620926245,0,621123174,25530,63600,153898381,9630,36100,65643,0,420834490,379802176,620926245,276137,734000,153898381,10557,38400,250602,768,157
1785577084.867129794,620926245,153898381,620926245,0,621123174,25530,63600,153898381,9630,36100,65643,0,420837558,379805166,620926245,276137,734000,153898381,10557,38400,250602,768,157
1785577085.890435657,620926245,153898381,620926245,0,621123174,25530,63600,153898381,9630,36100,65643,0,420840627,379808196,620926245,276137,734000,153898381,10557,38400,250602,768,157
1785577086.913986907,620926245,153898381,620926245,0,621123174,25530,63600,153898381,9630,36100,65643,0,420843697,379811252,620926245,276137,734000,153898381,10557,38400,250602,768,157
1785577087.936751938,620926245,153898381,620926245,0,621123174,25530,63600,153898381,9630,36100,65643,0,420846763,379814232,620926245,276137,734000,153898381,10557,38400,250602,768,157
1785577088.959891272,620926245,153898381,620926245,0,621123174,25530,63600,153898381,9630,36100,65643,0,420849832,379817285,620926245,276137,734000,153898381,10557,38400,250602,768,157
1785577089.982982562,620926245,153898381,620926245,0,621123174,25530,63600,153898381,9630,36100,65643,0,420852901,379820310,620926245,276137,734000,153898381,10557,38400,250602,768,157
1785577091.004317936,620926245,153898381,620926245,0,621123174,25530,63600,153898381,9630,36100,65643,0,420855966,379823319,620926245,276137,734000,153898381,10557,38400,250602,768,157
1785577092.027914396,620926245,153898381,620926245,0,621123174,25530,63600,153898381,9630,36100,65643,0,420859035,379826372,620926245,276137,734000,153898381,10557,38400,250602,768,157
1785577093.051849694,620926245,153898381,620926245,0,621123174,25530,63600,153898381,9630,36100,65643,0,420862105,379829422,620926245,276137,734000,153898381,10557,38400,250602,768,157
1785577094.073193723,620926245,153898381,620926245,0,621123174,25530,63600,153898381,9630,36100,65643,0,420865171,379832412,620926245,276137,734000,153898381,10557,38400,250602,768,157
1785577095.093857140,620926245,153898381,620926245,0,621123174,25530,63600,153898381,9630,36100,65643,0,420868228,379835453,620926245,276137,734000,153898381,10557,38400,250602,768,157
1785577096.114823141,620926245,153898381,620926245,0,621123174,25530,63600,153898381,9630,36100,65643,0,420871292,379838428,620926245,276137,734000,153898381,10557,38400,250602,768,157
1785577097.137736957,620926245,153898381,620926245,0,621123174,25530,63600,153898381,9630,36100,65643,0,420874357,379841406,620926245,276137,734000,153898381,10557,38400,250602,768,157
1785577098.161371033,620926245,153898381,620926245,0,621123174,25530,63600,153898381,9630,36100,65643,0,420877426,379844460,620926245,276137,734000,153898381,10557,38400,250602,768,157
1785577099.182124778,620926245,153898381,620926245,0,621123174,25530,63600,153898381,9630,36100,65643,0,420880490,379847479,620926245,276137,734000,153898381,10557,38400,250602,768,157
1785577100.205088979,620926245,153898381,620926245,0,621123174,25530,63600,153898381,9630,36100,65643,0,420883555,379850486,620926245,276137,734000,153898381,10557,38400,250602,768,157
1785577101.228742718,620926245,153898381,620926245,0,621123174,25530,63600,153898381,9630,36100,65643,0,420886626,379853540,620926245,276137,734000,153898381,10557,38400,250602,768,157
1785577102.251472638,620926245,153898381,620926245,0,621123174,25530,63600,153898381,9630,36100,65643,0,420889694,379856551,620926245,276137,734000,153898381,10557,38400,250602,768,157
1785577103.274338364,620926245,153898381,620926245,0,621123174,25530,63600,153898381,9630,36100,65643,0,420892764,379859576,620926245,276137,734000,153898381,10557,38400,250602,768,157
1785577104.290187483,620926245,153898381,620926245,0,621123174,25530,63600,153898381,9630,36100,65643,0,420895812,379862610,620926245,276137,734000,153898381,10557,38400,250602,768,157
1785577105.310808479,620926245,153898381,620926245,0,621123174,25530,63600,153898381,9630,36100,65643,0,420898868,379865603,620926245,276137,734000,153898381,10557,38400,250602,768,157
1785577106.330972708,620926245,153898381,620926245,0,621123174,25530,63600,153898381,9630,36100,65643,0,420901929,379868628,620926245,276137,734000,153898381,10557,38400,250602,768,157
1785577107.354450773,620926245,153898381,620926245,0,621123174,25530,63600,153898381,9630,36100,65643,0,420905000,379871658,620926245,276137,734000,153898381,10557,38400,250602,768,157
1785577108.375369386,620926245,153898381,620926245,0,621123174,25530,63600,153898381,9630,36100,65643,0,420908059,379874646,620926245,276137,734000,153898381,10557,38400,250602,768,157
1785577109.399110687,620926245,153898381,620926245,0,621123174,25530,63600,153898381,9630,36100,65643,0,420911129,379877689,620926245,276137,734000,153898381,10557,38400,250602,768,157
1785577110.422679920,620926245,153898381,620926245,0,621123174,25530,63600,153898381,9630,36100,65643,0,420914201,379880743,620926245,276137,734000,153898381,10557,38400,250602,768,157
1785577111.445802983,620926245,153898381,620926245,0,621123174,25530,63600,153898381,9630,36100,65643,0,420917267,379883730,620926245,276137,734000,153898381,10557,38400,250602,768,157
1785577112.469455422,620926245,153898381,620926245,0,621123174,25530,63600,153898381,9630,36100,65643,0,420920337,379886784,620926245,276137,734000,153898381,10557,38400,250602,768,157
1785577113.491438423,620926245,153898381,620926245,0,621123174,25530,63600,153898381,9630,36100,65643,0,420923403,379889832,620926245,276137,734000,153898381,10557,38400,250602,768,157
1785577114.514314826,620926245,153898381,620926245,0,621123174,25530,63600,153898381,9630,36100,65643,0,420926468,379892814,620926245,276137,734000,153898381,10557,38400,250602,768,157
1785577115.538008056,620926245,153898381,620926245,0,621123174,25530,63600,153898381,9630,36100,65643,0,420929539,379895847,620926245,276137,734000,153898381,10557,38400,250602,768,157
1785577116.557123924,620926245,153898381,620926245,0,621123174,25530,63600,153898381,9630,36100,65643,0,420932600,379898889,620926245,276137,734000,153898381,10557,38400,250602,768,157
1785577117.579796991,620926245,153898381,620926245,0,621123174,25530,63600,153898381,9630,36100,65643,0,420935660,379901850,620926245,276137,734000,153898381,10557,38400,250602,768,157
1785577118.602841769,620926245,153898381,620926245,0,621123174,25530,63600,153898381,9630,36100,65643,0,420938729,379904902,620926245,276137,734000,153898381,10557,38400,250602,768,157
1785577119.626111264,620926245,153898381,620926245,0,621123174,25530,63600,153898381,9630,36100,65643,0,420941796,379907934,620926245,276137,734000,153898381,10557,38400,250602,768,157
1785577120.650329134,620926245,153898381,620926245,0,621123174,25530,63600,153898381,9630,36100,65643,0,420944867,379910938,620926245,276137,734000,153898381,10557,38400,250602,768,157
1785577121.674489425,620926245,153898381,620926245,0,621123174,25530,63600,153898381,9630,36100,65643,0,420947939,379913993,620926245,276137,734000,153898381,10557,38400,250602,768,157
1785577122.695546910,620926245,153898381,620926245,0,621123174,25530,63600,153898381,9630,36100,65643,0,420951002,379917012,620926245,276137,734000,153898381,10557,38400,250602,768,157
1785577123.718232288,620926245,153898381,620926245,0,621123174,25530,63600,153898381,9630,36100,65643,0,420954069,379920020,620926245,276137,734000,153898381,10557,38400,250602,768,157
1785577124.741544438,620926245,153898381,620926245,0,621123174,25530,63600,153898381,9630,36100,65643,0,420957139,379923074,620926245,276137,734000,153898381,10557,38400,250602,768,157
1785577125.764139461,620926245,153898381,620926245,0,621123174,25530,63600,153898381,9630,36100,65643,0,420960203,379926087,620926245,276137,734000,153898381,10557,38400,250602,768,157
1785577126.787025981,620926245,153898381,620926245,0,621123174,25530,63600,153898381,9630,36100,65643,0,420963270,379929106,620926245,276137,734000,153898381,10557,38400,250602,768,157
1785577127.809897259,620926245,153898381,620926245,0,621123174,25530,63600,153898381,9630,36100,65643,0,420966336,379932134,620926245,276137,734000,153898381,10557,38400,250602,768,157
1785577128.831314135,620926245,153898381,620926245,0,621123174,25530,63600,153898381,9630,36100,65643,0,420969400,379935132,620926245,276137,734000,153898381,10557,38400,250602,768,157
1785577129.851692571,620926245,153898381,620926245,0,621123174,25530,63600,153898381,9630,36100,65643,0,420972459,379938156,620926245,276137,734000,153898381,10557,38400,250602,768,157
1785577130.873218539,620926245,153898381,620926245,0,621123174,25530,63600,153898381,9630,36100,65643,0,420975526,379941208,620926245,276137,734000,153898381,10557,38400,250602,768,157
1785577131.896017280,620926245,153898381,620926245,0,621123174,25530,63600,153898381,9630,36100,65643,0,420978589,379944203,620926245,276137,734000,153898381,10557,38400,250602,768,157
1785577132.919909619,620926245,153898381,620926245,0,621123174,25530,63600,153898381,9630,36100,65643,0,420981659,379947242,620926245,276137,734000,153898381,10557,38400,250602,768,157
1785577133.943727975,620926245,153898381,620926245,0,621123174,25530,63600,153898381,9630,36100,65643,0,420984728,379950296,620926245,276137,734000,153898381,10557,38400,250602,768,157
1785577134.966745263,620926245,153898381,620926245,0,621123174,25530,63600,153898381,9630,36100,65643,0,420987796,379953289,620926245,276137,734000,153898381,10557,38400,250602,768,157
1785577135.990424347,620926245,153898381,620926245,0,621123174,25530,63600,153898381,9630,36100,65643,0,420990866,379956307,620926245,276137,734000,153898381,10557,38400,250602,768,157
1785577141.053975967,0,0,0,0,0,0,0,0,0,0,0,0,421006046,379971183,0,0,0,0,0,0,0,0,0
1785577142.077422522,0,0,0,0,0,0,0,0,0,0,0,0,421009118,379974238,0,0,0,0,0,0,0,0,0
1785577143.100152409,0,0,0,0,0,0,0,0,0,0,0,0,421012184,379977281,0,0,0,0,0,0,0,0,0
1785577144.123377034,0,0,0,0,0,0,0,0,0,0,0,0,421015254,379980276,0,0,0,0,0,0,0,0,0
1785577145.145809976,0,0,0,0,0,0,0,0,0,0,0,0,421018322,379983328,0,0,0,0,0,0,0,0,0
1785577146.167509690,0,0,0,0,0,0,0,0,0,0,0,0,421021384,379986363,0,0,0,0,0,0,0,0,0
1785577147.190847802,0,0,0,0,0,0,0,0,0,0,0,0,421024455,379989363,0,0,0,0,0,0,0,0,0
1785577148.212971012,0,0,0,0,0,0,0,0,0,0,0,0,421027521,379992391,0,0,0,0,0,0,0,0,0
1785577149.233210263,0,0,0,0,0,0,0,0,0,0,0,0,421030581,379995408,0,0,0,0,0,0,0,0,0
1785577150.255128845,0,0,0,0,0,0,0,0,0,0,0,0,421033648,379998349,0,0,0,0,0,0,0,0,0
1785577151.276091201,0,0,0,0,0,0,0,0,0,0,0,0,421036709,380001392,0,0,0,0,0,0,0,0,0
1785577152.296381690,0,0,0,0,0,0,0,0,0,0,0,0,421039769,380004406,0,0,0,0,0,0,0,0,0
1785577153.318011028,0,0,0,0,0,0,0,0,0,0,0,0,421042833,380007417,0,0,0,0,0,0,0,0,0
1785577154.339530873,0,0,0,0,0,0,0,0,0,0,0,0,421045899,380010466,0,0,0,0,0,0,0,0,0
1785577155.360214602,0,0,0,0,0,0,0,0,0,0,0,0,421048959,380013464,0,0,0,0,0,0,0,0,0
1785577156.383217694,0,0,0,0,0,0,0,0,0,0,0,0,421052026,380016496,0,0,0,0,0,0,0,0,0
1785577157.406253875,0,0,0,0,0,0,0,0,0,0,0,0,421055095,380019549,0,0,0,0,0,0,0,0,0
1785577158.424493645,0,0,0,0,0,0,0,0,0,0,0,0,421058149,380022488,0,0,0,0,0,0,0,0,0
1785577159.446870618,0,0,0,0,0,0,0,0,0,0,0,0,421061214,380025486,0,0,0,0,0,0,0,0,0
1785577160.470528653,0,0,0,0,0,0,0,0,0,0,0,0,421064286,380028542,0,0,0,0,0,0,0,0,0
1785577161.493221951,0,0,0,0,0,0,0,0,0,0,0,0,421067349,380031523,0,0,0,0,0,0,0,0,0
1785577162.516728628,0,0,0,0,0,0,0,0,0,0,0,0,421070421,380034576,0,0,0,0,0,0,0,0,0
1785577163.538468217,0,0,0,0,0,0,0,0,0,0,0,0,421073488,380037625,0,0,0,0,0,0,0,0,0
1785577164.559039619,0,0,0,0,0,0,0,0,0,0,0,0,421076551,380040625,0,0,0,0,0,0,0,0,0
1785577165.580894688,0,0,0,0,0,0,0,0,0,0,0,0,421079614,380043651,0,0,0,0,0,0,0,0,0
1785577166.604073636,0,0,0,0,0,0,0,0,0,0,0,0,421082685,380046700,0,0,0,0,0,0,0,0,0
1785577167.627468018,0,0,0,0,0,0,0,0,0,0,0,0,421085750,380049687,0,0,0,0,0,0,0,0,0
1785577168.649888246,0,0,0,0,0,0,0,0,0,0,0,0,421088818,380052732,0,0,0,0,0,0,0,0,0
1785577169.672428215,0,0,0,0,0,0,0,0,0,0,0,0,421091887,380055766,0,0,0,0,0,0,0,0,0
1785577170.693891928,0,0,0,0,0,0,0,0,0,0,0,0,421094949,380058747,0,0,0,0,0,0,0,0,0
1785577171.716368152,0,0,0,0,0,0,0,0,0,0,0,0,421098015,380061797,0,0,0,0,0,0,0,0,0
1785577172.736337692,0,0,0,0,0,0,0,0,0,0,0,0,421101074,380064816,0,0,0,0,0,0,0,0,0
1785577173.759121286,0,0,0,0,0,0,0,0,0,0,0,0,421104143,380067826,0,0,0,0,0,0,0,0,0
1785577174.781445433,0,0,0,0,0,0,0,0,0,0,0,0,421107206,380070876,0,0,0,0,0,0,0,0,0
1785577175.801813131,0,0,0,0,0,0,0,0,0,0,0,0,421110272,380073923,0,0,0,0,0,0,0,0,0
1785577176.823113100,0,0,0,0,0,0,0,0,0,0,0,0,421113328,380076900,0,0,0,0,0,0,0,0,0
1785577177.845357134,0,0,0,0,0,0,0,0,0,0,0,0,421116394,380079951,0,0,0,0,0,0,0,0,0
1785577178.866571987,0,0,0,0,0,0,0,0,0,0,0,0,421119457,380082954,0,0,0,0,0,0,0,0,0
1785577179.889134622,0,0,0,0,0,0,0,0,0,0,0,0,421122522,380085961,0,0,0,0,0,0,0,0,0
1785577180.912557253,0,0,0,0,0,0,0,0,0,0,0,0,421125592,380089015,0,0,0,0,0,0,0,0,0
1785577181.932536434,0,0,0,0,0,0,0,0,0,0,0,0,421128655,380092036,0,0,0,0,0,0,0,0,0
1785577182.955450006,0,0,0,0,0,0,0,0,0,0,0,0,421131716,380095041,0,0,0,0,0,0,0,0,0
1785577183.979032122,0,0,0,0,0,0,0,0,0,0,0,0,421134784,380098094,0,0,0,0,0,0,0,0,0
1785577185.001011201,0,0,0,0,0,0,0,0,0,0,0,0,421137852,380101089,0,0,0,0,0,0,0,0,0
1785577186.023423922,0,0,0,0,0,0,0,0,0,0,0,0,421140919,380104130,0,0,0,0,0,0,0,0,0
1785577187.044887207,0,0,0,0,0,0,0,0,0,0,0,0,421143983,380107178,0,0,0,0,0,0,0,0,0
1785577188.065490432,0,0,0,0,0,0,0,0,0,0,0,0,421147042,380110176,0,0,0,0,0,0,0,0,0
1785577189.087017491,0,0,0,0,0,0,0,0,0,0,0,0,421150106,380113205,0,0,0,0,0,0,0,0,0
1785577190.107045101,0,0,0,0,0,0,0,0,0,0,0,0,421153167,380116228,0,0,0,0,0,0,0,0,0
1785577191.128581139,0,0,0,0,0,0,0,0,0,0,0,0,421156231,380119214,0,0,0,0,0,0,0,0,0
1785577192.150562442,0,0,0,0,0,0,0,0,0,0,0,0,421159298,380122266,0,0,0,0,0,0,0,0,0
1785577193.171365572,0,0,0,0,0,0,0,0,0,0,0,0,421162358,380125312,0,0,0,0,0,0,0,0,0
1785577194.192500192,0,0,0,0,0,0,0,0,0,0,0,0,421165420,380128296,0,0,0,0,0,0,0,0,0
1785577195.215092460,0,0,0,0,0,0,0,0,0,0,0,0,421168487,380131341,0,0,0,0,0,0,0,0,0
1785577196.236176020,0,0,0,0,0,0,0,0,0,0,0,0,421171549,380134371,0,0,0,0,0,0,0,0,0
1785577197.258008730,0,0,0,0,0,0,0,0,0,0,0,0,421174613,380137369,0,0,0,0,0,0,0,0,0
1785577198.276426063,0,0,0,0,0,0,0,0,0,0,0,0,421177675,380140414,0,0,0,0,0,0,0,0,0
1785577199.297399908,0,0,0,0,0,0,0,0,0,0,0,0,421180730,380143453,0,0,0,0,0,0,0,0,0
1785577200.318656105,0,0,0,0,0,0,0,0,0,0,0,0,421183794,380146411,0,0,0,0,0,0,0,0,0
1785577201.340162478,0,0,0,0,0,0,0,0,0,0,0,0,421186856,380149459,0,0,0,0,0,0,0,0,0
1785577202.362018746,0,0,0,0,0,0,0,0,0,0,0,0,421189920,380152473,0,0,0,0,0,0,0,0,0
1785577203.383748623,0,0,0,0,0,0,0,0,0,0,0,0,421192981,380155487,0,0,0,0,0,0,0,0,0
1785577204.406552855,0,0,0,0,0,0,0,0,0,0,0,0,421196050,380158539,0,0,0,0,0,0,0,0,0
1785577205.428068884,0,0,0,0,0,0,0,0,0,0,0,0,421199112,380161565,0,0,0,0,0,0,0,0,0
1785577206.447502796,0,0,0,0,0,0,0,0,0,0,0,0,421202170,380164560,0,0,0,0,0,0,0,0,0
1785577207.469632115,0,0,0,0,0,0,0,0,0,0,0,0,421205236,380167610,0,0,0,0,0,0,0,0,0
1785577208.491579149,0,0,0,0,0,0,0,0,0,0,0,0,421208298,380170610,0,0,0,0,0,0,0,0,0
1785577209.514656412,0,0,0,0,0,0,0,0,0,0,0,0,421211368,380173644,0,0,0,0,0,0,0,0,0
1785577210.536361814,0,0,0,0,0,0,0,0,0,0,0,0,421214432,380176670,0,0,0,0,0,0,0,0,0
1785577211.558453630,0,0,0,0,0,0,0,0,0,0,0,0,421217495,380179683,0,0,0,0,0,0,0,0,0
1785577212.580373894,0,0,0,0,0,0,0,0,0,0,0,0,421220562,380182700,0,0,0,0,0,0,0,0,0
1785577213.603640053,0,0,0,0,0,0,0,0,0,0,0,0,421223630,380185753,0,0,0,0,0,0,0,0,0
1785577214.626820989,0,0,0,0,0,0,0,0,0,0,0,0,421226697,380188737,0,0,0,0,0,0,0,0,0
1785577215.649106556,0,0,0,0,0,0,0,0,0,0,0,0,421229763,380191787,0,0,0,0,0,0,0,0,0
1785577216.672177700,0,0,0,0,0,0,0,0,0,0,0,0,421232830,380194840,0,0,0,0,0,0,0,0,0
1785577217.693479900,0,0,0,0,0,0,0,0,0,0,0,0,421235891,380197833,0,0,0,0,0,0,0,0,0
1785577218.714423669,0,0,0,0,0,0,0,0,0,0,0,0,421238954,380200864,0,0,0,0,0,0,0,0,0
1785577219.735531488,0,0,0,0,0,0,0,0,0,0,0,0,421242016,380203899,0,0,0,0,0,0,0,0,0
1785577220.754975927,0,0,0,0,0,0,0,0,0,0,0,0,421245071,380206838,0,0,0,0,0,0,0,0,0
1785577221.777546078,0,0,0,0,0,0,0,0,0,0,0,0,421248138,380209890,0,0,0,0,0,0,0,0,0
1785577222.799426637,0,0,0,0,0,0,0,0,0,0,0,0,421251202,380212942,0,0,0,0,0,0,0,0,0
1785577223.820542897,0,0,0,0,0,0,0,0,0,0,0,0,421254264,380215921,0,0,0,0,0,0,0,0,0
1785577224.842983729,0,0,0,0,0,0,0,0,0,0,0,0,421257328,380218971,0,0,0,0,0,0,0,0,0
1785577225.864064467,0,0,0,0,0,0,0,0,0,0,0,0,421260390,380222010,0,0,0,0,0,0,0,0,0
1785577226.886758096,0,0,0,0,0,0,0,0,0,0,0,0,421263457,380225005,0,0,0,0,0,0,0,0,0
1785577227.908346335,0,0,0,0,0,0,0,0,0,0,0,0,421266522,380228055,0,0,0,0,0,0,0,0,0
1785577228.929776990,0,0,0,0,0,0,0,0,0,0,0,0,421269585,380231088,0,0,0,0,0,0,0,0,0
1785577229.951710587,0,0,0,0,0,0,0,0,0,0,0,0,421272648,380234082,0,0,0,0,0,0,0,0,0
1785577230.973971247,0,0,0,0,0,0,0,0,0,0,0,0,421275712,380237107,0,0,0,0,0,0,0,0,0
1785577231.996063455,0,0,0,0,0,0,0,0,0,0,0,0,421278777,380240128,0,0,0,0,0,0,0,0,0
1785577233.019163886,0,0,0,0,0,0,0,0,0,0,0,0,421281848,380243143,0,0,0,0,0,0,0,0,0
1785577234.040999164,0,0,0,0,0,0,0,0,0,0,0,0,421284911,380246192,0,0,0,0,0,0,0,0,0
1785577235.062697856,0,0,0,0,0,0,0,0,0,0,0,0,421287973,380249210,0,0,0,0,0,0,0,0,0
1785577236.084765195,0,0,0,0,0,0,0,0,0,0,0,0,421291040,380252223,0,0,0,0,0,0,0,0,0
1785577237.107392438,0,0,0,0,0,0,0,0,0,0,0,0,421294105,380255274,0,0,0,0,0,0,0,0,0
1785577238.128474099,0,0,0,0,0,0,0,0,0,0,0,0,421297167,380258271,0,0,0,0,0,0,0,0,0
1785577239.148959787,0,0,0,0,0,0,0,0,0,0,0,0,421300226,380261297,0,0,0,0,0,0,0,0,0
1785577240.171691992,0,0,0,0,0,0,0,0,0,0,0,0,421303294,380264350,0,0,0,0,0,0,0,0,0
1785577241.190148935,0,0,0,0,0,0,0,0,0,0,0,0,421306353,380267325,0,0,0,0,0,0,0,0,0
1785577242.212359111,0,0,0,0,0,0,0,0,0,0,0,0,421309415,380270354,0,0,0,0,0,0,0,0,0
1785577243.235227841,0,0,0,0,0,0,0,0,0,0,0,0,421312482,380273406,0,0,0,0,0,0,0,0,0
1785577244.255530349,0,0,0,0,0,0,0,0,0,0,0,0,421315540,380276384,0,0,0,0,0,0,0,0,0
1785577245.277164958,0,0,0,0,0,0,0,0,0,0,0,0,421318605,380279433,0,0,0,0,0,0,0,0,0
1785577246.298846512,0,0,0,0,0,0,0,0,0,0,0,0,421321667,380282482,0,0,0,0,0,0,0,0,0
1785577247.321170371,0,0,0,0,0,0,0,0,0,0,0,0,421324732,380285465,0,0,0,0,0,0,0,0,0
1785577248.343040077,0,0,0,0,0,0,0,0,0,0,0,0,421327798,380288515,0,0,0,0,0,0,0,0,0
1785577249.362869840,0,0,0,0,0,0,0,0,0,0,0,0,421330857,380291554,0,0,0,0,0,0,0,0,0
1785577250.380498088,0,0,0,0,0,0,0,0,0,0,0,0,421333904,380294525,0,0,0,0,0,0,0,0,0
1785577251.402774284,0,0,0,0,0,0,0,0,0,0,0,0,421336970,380297554,0,0,0,0,0,0,0,0,0
1785577252.424772143,0,0,0,0,0,0,0,0,0,0,0,0,421340036,380300598,0,0,0,0,0,0,0,0,0
1785577253.447327846,0,0,0,0,0,0,0,0,0,0,0,0,421343099,380303589,0,0,0,0,0,0,0,0,0
1785577254.468307189,0,0,0,0,0,0,0,0,0,0,0,0,421346161,380306635,0,0,0,0,0,0,0,0,0
1785577255.488811176,0,0,0,0,0,0,0,0,0,0,0,0,421349221,380309655,0,0,0,0,0,0,0,0,0
1785577256.511143958,0,0,0,0,0,0,0,0,0,0,0,0,421352288,380312665,0,0,0,0,0,0,0,0,0
1785577257.532984772,0,0,0,0,0,0,0,0,0,0,0,0,421355352,380315715,0,0,0,0,0,0,0,0,0
1785577258.615502081,0,1097,0,0,0,0,0,1135,1449620,3276700,0,0,421358587,380318797,0,0,0,1253,1686800,3276700,0,35856,299625
1785577259.634906046,0,915132,0,0,0,0,0,915803,33090,566800,0,0,421361276,380319860,0,0,0,916745,58764,838300,0,24748,940
1785577260.654353567,0,1000064,0,0,0,0,0,1000064,31526,503600,0,0,421364316,380322809,0,0,0,1000064,55948,814200,0,23540,881
1785577261.676083035,0,1000064,0,0,0,0,0,1000064,31526,503600,0,0,421367377,380325789,0,0,0,1000064,55948,814200,0,23540,881
1785577262.702752638,386254,1000064,386254,0,385502,71393,1065200,1000064,31526,503600,0,0,421370457,380328599,397579,1837926,3276700,1000064,55948,814200,1775219,23540,881
1785577263.728021081,12869033,1000064,12869033,0,12872375,25510,67300,1000064,31526,503600,0,0,421373531,380328612,12893319,289050,836600,1000064,55948,814200,263836,23540,881
1785577264.748321643,25005345,1000064,25005345,0,25006634,25116,65300,1000064,31526,503600,0,0,421376590,380328621,25019728,267156,703600,1000064,55948,814200,242167,23540,881
1785577265.770876951,37346422,1000064,37346422,0,37347976,24913,64400,1000064,31526,503600,0,0,421379657,380328629,37360929,257855,649400,1000064,55948,814200,233020,23540,881
1785577266.794275635,49756161,1000064,49756161,0,49758506,24795,63900,1000064,31526,503600,0,0,421382724,380328634,49770443,253079,624000,1000064,55948,814200,228339,23540,881
1785577267.813478951,61709669,1000064,61709669,0,61709297,24882,64000,1000064,31526,503600,0,0,421385780,380328647,61719583,251968,623300,1000064,55948,814200,227117,23540,881
1785577268.840804732,74156968,1000064,74156968,0,74157934,24794,63600,1000064,31526,503600,0,0,421388860,380328648,74170310,249578,612000,1000064,55948,814200,224830,23540,881
1785577269.860579395,86518356,1000064,86518356,0,86519339,24739,63400,1000064,31526,503600,0,0,421391920,380328652,86531290,247870,605500,1000064,55948,814200,223157,23540,881
1785577270.883907023,98531643,1000064,98531643,0,98533037,24776,63500,1000064,31526,503600,0,0,421394986,380328656,98544771,247469,605100,1000064,55948,814200,222716,23540,881
1785577271.907690827,110840952,1000064,110840952,0,110842607,24753,63400,1000064,31526,503600,0,0,421398055,380328669,110857123,246731,604100,1000064,55948,814200,221998,23540,881
1785577272.929342710,123212426,1000064,123212426,0,123214054,24729,63300,1000064,31526,503600,0,0,421401119,380328670,123228055,245865,600600,1000064,55948,814200,221156,23540,881
1785577273.949317494,135279847,1000064,135279847,0,135281882,24752,63300,1000064,31526,503600,0,0,421404178,380328680,135294223,245768,602500,1000064,55948,814200,221034,23540,881
1785577274.969368874,147629842,1000064,147629842,0,147631020,24725,63200,1000064,31526,503600,0,0,421407236,380328687,147645253,245131,600600,1000064,55948,814200,220423,23540,881
1785577275.995248515,159986137,1000064,159986137,0,159988151,24705,63200,1000064,31526,503600,0,0,421410312,380328689,160002298,244625,597500,1000064,55948,814200,219939,23540,881
1785577277.015244892,171952279,1000064,171952279,0,171953610,24738,63300,1000064,31526,503600,0,0,421413371,380328707,171967671,244811,599500,1000064,55948,814200,220085,23540,881
1785577278.035649943,184279040,1000064,184279040,0,184281223,24725,63300,1000064,31526,503600,0,0,421416431,380328719,184295578,244483,598800,1000064,55948,814200,219771,23540,881
1785577279.056666623,196500409,1000064,196500409,0,196502013,24723,63300,1000064,31526,503600,0,0,421419488,380328723,196515090,244301,598200,1000064,55948,814200,219591,23540,881
1785577280.077615370,208566431,1000064,208566431,0,208569776,24740,63300,1000064,31526,503600,0,0,421422553,380328735,208584517,244343,598600,1000064,55948,814200,219614,23540,881
1785577281.099793945,220910691,1000064,220910691,0,220912569,24728,63300,1000064,31526,503600,0,0,421425619,380328736,220926258,244037,597500,1000064,55948,814200,219318,23540,881
1785577282.128469555,233042517,1000064,233042517,0,233044265,24738,63300,1000064,31526,503600,0,0,421428701,380328742,233072346,244010,597000,1000064,55948,814200,219312,23540,881
1785577283.149463942,244722391,1000064,244722391,0,244723938,24778,63300,1000064,31526,503600,0,0,421431764,380328750,244735790,244449,598300,1000064,55948,814200,219679,23540,881
1785577284.171514895,256974744,1000064,256974744,0,256976702,24769,63300,1000064,31526,503600,0,0,421434827,380328768,256991088,244317,598000,1000064,55948,814200,219556,23540,881
1785577285.194302645,269137040,1000064,269137040,0,269138628,24768,63300,1000064,31526,503600,0,0,421437895,380328785,269151237,244261,598000,1000064,55948,814200,219500,23540,881
1785577286.214726305,281294149,1000064,281294149,0,281295534,24764,63200,1000064,31526,503600,0,0,421440952,380328792,281307667,244204,598900,1000064,55948,814200,219447,23540,881
1785577287.242490668,293692765,1000064,293692765,0,293694284,24752,63200,1000064,31526,503600,0,0,421444024,380328793,293709574,244014,599100,1000064,55948,814200,219271,23540,881
1785577288.269661539,306175213,1000064,306175213,0,306177750,24741,63200,1000064,31526,503600,0,0,421447115,380328794,306192570,243824,598700,1000064,55948,814200,219091,23540,881
1785577289.289719782,318047721,1000064,318047721,0,318049721,24755,63200,1000064,31526,503600,0,0,421450173,380328814,318062376,244045,600100,1000064,55948,814200,219296,23540,881
1785577290.312851629,330393345,1000064,330393345,0,330395699,24746,63200,1000064,31526,503600,0,0,421453241,380328818,330410235,243846,598800,1000064,55948,814200,219107,23540,881
1785577291.333541810,342410826,1000064,342410826,0,342412810,24756,63200,1000064,31526,503600,0,0,421456303,380328847,342427873,243978,599700,1000064,55948,814200,219228,23540,881
1785577292.359062815,354686914,1000064,354686914,0,354689237,24755,63200,1000064,31526,503600,0,0,421459378,380328861,354703583,243925,599600,1000064,55948,814200,219176,23540,881
1785577293.380868490,357760186,1000064,357760186,0,357760186,24754,63200,1000064,31526,503600,0,0,421462440,380331149,357760186,243892,599400,1000064,55948,814200,219136,23540,881
1785577294.401523249,357760186,1000064,357760186,0,357760186,24754,63200,1000064,31526,503600,0,0,421465506,380334183,357760186,243892,599400,1000064,55948,814200,219136,23540,881
1785577295.421767531,357760186,1000064,357760186,0,357760186,24754,63200,1000064,31526,503600,0,0,421468559,380337173,357760186,243892,599400,1000064,55948,814200,219136,23540,881
1785577296.445969025,357760186,1000064,357760186,0,357760186,24754,63200,1000064,31526,503600,0,0,421471631,380340230,357760186,243892,599400,1000064,55948,814200,219136,23540,881
1785577297.469320103,357760186,1000064,357760186,0,357760186,24754,63200,1000064,31526,503600,0,0,421474698,380343219,357760186,243892,599400,1000064,55948,814200,219136,23540,881
1785577298.493110100,357760186,1000064,357760186,0,357760186,24754,63200,1000064,31526,503600,0,0,421477770,380346272,357760186,243892,599400,1000064,55948,814200,219136,23540,881
1785577299.515520025,357760186,1000064,357760186,0,357760186,24754,63200,1000064,31526,503600,0,0,421480837,380349324,357760186,243892,599400,1000064,55948,814200,219136,23540,881
1785577300.538425453,357760186,1000064,357760186,0,357760186,24754,63200,1000064,31526,503600,0,0,421483905,380352340,357760186,243892,599400,1000064,55948,814200,219136,23540,881
1785577301.562401896,357760186,1000064,357760186,0,357760186,24754,63200,1000064,31526,503600,0,0,421486973,380355360,357760186,243892,599400,1000064,55948,814200,219136,23540,881
1785577302.585534059,357760186,1000064,357760186,0,357760186,24754,63200,1000064,31526,503600,0,0,421490044,380358410,357760186,243892,599400,1000064,55948,814200,219136,23540,881
1785577303.608995621,357760186,1000064,357760186,0,357760186,24754,63200,1000064,31526,503600,0,0,421493112,380361381,357760186,243892,599400,1000064,55948,814200,219136,23540,881
1785577304.632041284,357760186,1000064,357760186,0,357760186,24754,63200,1000064,31526,503600,0,0,421496181,380364434,357760186,243892,599400,1000064,55948,814200,219136,23540,881
1785577305.654916057,357760186,1000064,357760186,0,357760186,24754,63200,1000064,31526,503600,0,0,421499249,380367486,357760186,243892,599400,1000064,55948,814200,219136,23540,881
1785577306.678360186,357760186,1000064,357760186,0,357760186,24754,63200,1000064,31526,503600,0,0,421502317,380370483,357760186,243892,599400,1000064,55948,814200,219136,23540,881
1785577307.706032880,357760186,1000064,357760186,0,357760186,24754,63200,1000064,31526,503600,0,0,421505395,380373529,357760186,243892,599400,1000064,55948,814200,219136,23540,881
1785577308.729488438,357760186,1000064,357760186,0,357760186,24754,63200,1000064,31526,503600,0,0,421508472,380376538,357760186,243892,599400,1000064,55948,814200,219136,23540,881
1785577309.750555779,357760186,1000064,357760186,0,357760186,24754,63200,1000064,31526,503600,0,0,421511535,380379542,357760186,243892,599400,1000064,55948,814200,219136,23540,881
1785577310.774772866,357760186,1000064,357760186,0,357760186,24754,63200,1000064,31526,503600,0,0,421514606,380382596,357760186,243892,599400,1000064,55948,814200,219136,23540,881
1785577311.801186666,357760186,1000064,357760186,0,357760186,24754,63200,1000064,31526,503600,0,0,421517685,380385658,357760186,243892,599400,1000064,55948,814200,219136,23540,881
1785577312.823955443,357760186,1000064,357760186,0,357760186,24754,63200,1000064,31526,503600,0,0,421520755,380388642,357760186,243892,599400,1000064,55948,814200,219136,23540,881
1785577313.846880729,357760186,1000064,357760186,0,357760186,24754,63200,1000064,31526,503600,0,0,421523823,380391672,357760186,243892,599400,1000064,55948,814200,219136,23540,881
1785577314.869090657,357760186,1000064,357760186,0,357760186,24754,63200,1000064,31526,503600,0,0,421526887,380394676,357760186,243892,599400,1000064,55948,814200,219136,23540,881
1785577315.909500391,357760186,4798090,357760186,0,357760186,24754,63200,4801878,12953,98200,0,0,421529993,380394995,357760186,243892,599400,4806626,18661,165300,219136,5414,297
1785577316.944190238,357760186,9099489,357760186,0,357760186,24754,63200,9102901,10578,67000,0,0,421533081,380395014,357760186,243892,599400,9107024,13957,113900,219136,3160,220
1785577317.986294446,357760186,13388029,357760186,0,357760186,24754,63200,13391618,9736,54800,0,0,421536191,380395046,357760186,243892,599400,13396283,12288,90200,219136,2356,196
1785577319.020909630,357760186,17620335,357760186,0,357760186,24754,63200,17624307,9315,47600,0,0,421539282,380395090,357760186,243892,599400,17629185,11450,75800,219136,1948,186
1785577320.067237349,357760186,21969613,357760186,0,357760186,24754,63200,21973640,9038,42300,0,0,421542402,380395113,357760186,243892,599400,21978447,10904,65500,219136,1689,176
1785577321.102326685,357760186,26173188,357760186,0,357760186,24754,63200,26177166,8877,39400,0,0,421545494,380395171,357760186,243892,599400,26182023,10575,59200,219136,1523,174
1785577322.138385157,357760186,30481741,357760186,0,357760186,24754,63200,30485982,8738,37500,0,0,421548582,380395184,357760186,243892,599400,30490984,10306,54300,219136,1399,168
1785577323.170469970,357760186,34785102,357760186,0,357760186,24754,63200,34788283,8636,36400,0,0,421551668,380395199,357760186,243892,599400,34792552,10105,50400,219136,1305,163
1785577324.206521061,357760186,38982510,357760186,0,357760186,24754,63200,38986237,8570,35600,0,0,421554761,380395266,357760186,243892,599400,38990995,9970,47400,219136,1235,164
1785577325.246449073,357760186,43282942,357760186,0,357760186,24754,63200,43287355,8506,34900,0,0,421557862,380395293,357760186,243892,599400,43292226,9845,44800,219136,1176,161
1785577326.283445322,357760186,47574022,357760186,0,357760186,24754,63200,47577680,8454,34400,0,0,421560962,380395318,357760186,243892,599400,47582345,9742,42800,219136,1128,159
1785577327.324796111,357760186,51845431,357760186,0,357760186,24754,63200,51849630,8415,34000,0,0,421564069,380395354,357760186,243892,599400,51855109,9664,41300,219136,1089,158
1785577328.362375707,357760186,56142985,357760186,0,357760186,24754,63200,56146692,8379,33600,0,0,421567165,380395387,357760186,243892,599400,56151653,9591,40200,219136,1055,156
1785577329.408976949,357760186,60484010,357760186,0,357760186,24754,63200,60488022,8346,33300,0,0,421570291,380395413,357760186,243892,599400,60493273,9527,39300,219136,1025,154
1785577330.448813333,357760186,64694499,357760186,0,357760186,24754,63200,64698381,8326,33100,0,0,421573386,380395469,357760186,243892,599400,64703570,9483,38600,219136,1001,154
1785577331.486190436,357760186,69001664,357760186,0,357760186,24754,63200,69005573,8301,32900,0,0,421576492,380395493,357760186,243892,599400,69010304,9434,38100,219136,979,153
1785577332.525457626,357760186,73236612,357760186,0,357760186,24754,63200,73240308,8284,32700,0,0,421579594,380395548,357760186,243892,599400,73245294,9399,37600,219136,960,153
1785577333.562389479,357760186,77532572,357760186,0,357760186,24754,63200,77537005,8265,32500,0,0,421582691,380395574,357760186,243892,599400,77541684,9361,37200,219136,942,152
1785577334.604438617,357760186,81831862,357760186,0,357760186,24754,63200,81836000,8248,32300,0,0,421585804,380395612,357760186,243892,599400,81841419,9328,36900,219136,927,152
1785577335.641216380,357760186,86115810,357760186,0,357760186,24754,63200,86119930,8233,32200,0,0,421588898,380395637,357760186,243892,599400,86124838,9299,36600,219136,913,151
1785577336.680697673,357760186,90387583,357760186,0,357760186,24754,63200,90391593,8220,32100,0,0,421592002,380395676,357760186,243892,599400,90396491,9272,36300,219136,900,151
1785577337.716292399,357760186,94682829,357760186,0,357760186,24754,63200,94686909,8206,31900,0,0,421595090,380395698,357760186,243892,599400,94692331,9246,36100,219136,889,150
1785577338.759815240,357760186,98914303,357760186,0,357760186,24754,63200,98918273,8198,31800,0,0,421598208,380395765,357760186,243892,599400,98923415,9229,35900,219136,879,150
1785577339.792837595,357760186,103206749,357760186,0,357760186,24754,63200,103210415,8185,31700,0,0,421601286,380395783,357760186,243892,599400,103214835,9206,35700,219136,869,150
1785577340.831384194,357760186,107535975,357760186,0,357760186,24754,63200,107540075,8174,31600,0,0,421604391,380395796,357760186,243892,599400,107545445,9185,35500,219136,860,149
1785577341.865468273,357760186,111735462,357760186,0,357760186,24754,63200,111739494,8168,31600,0,0,421607476,380395857,357760186,243892,599400,111744535,9171,35400,219136,852,149
1785577342.896583645,357760186,116026883,357760186,0,357760186,24754,63200,116031192,8158,31500,0,0,421610553,380395874,357760186,243892,599400,116036192,9153,35200,219136,844,148
1785577343.932705885,357760186,120278729,357760186,0,357760186,24754,63200,120283032,8151,31400,0,0,421613647,380395899,357760186,243892,599400,120288214,9139,35100,219136,838,148
1785577344.973185137,357760186,124483636,357760186,0,357760186,24754,63200,124487488,8147,31400,0,0,421616754,380395962,357760186,243892,599400,124492451,9129,35000,219136,831,149
1785577345.989632797,357760186,124517269,357760186,0,357760186,24754,63200,124517269,8147,31400,0,0,421619804,380398999,357760186,243892,599400,124517269,9129,35000,219136,831,149
1785577347.011786140,357760186,124517269,357760186,0,357760186,24754,63200,124517269,8147,31400,0,0,421622863,380402037,357760186,243892,599400,124517269,9129,35000,219136,831,149
1785577348.035463277,357760186,124517269,357760186,0,357760186,24754,63200,124517269,8147,31400,0,0,421625932,380405029,357760186,243892,599400,124517269,9129,35000,219136,831,149
1785577349.059833270,357760186,124517269,357760186,0,357760186,24754,63200,124517269,8147,31400,0,0,421629003,380408084,357760186,243892,599400,124517269,9129,35000,219136,831,149
1785577350.082409140,357760186,124517269,357760186,0,357760186,24754,63200,124517269,8147,31400,0,0,421632071,380411106,357760186,243892,599400,124517269,9129,35000,219136,831,149
1785577351.106220065,357760186,124517269,357760186,0,357760186,24754,63200,124517269,8147,31400,0,0,421635141,380414118,357760186,243892,599400,124517269,9129,35000,219136,831,149
1785577352.129876678,357760186,124517269,357760186,0,357760186,24754,63200,124517269,8147,31400,0,0,421638211,380417172,357760186,243892,599400,124517269,9129,35000,219136,831,149
1785577353.153529436,357760186,124517269,357760186,0,357760186,24754,63200,124517269,8147,31400,0,0,421641280,380420196,357760186,243892,599400,124517269,9129,35000,219136,831,149
1785577354.177927794,357760186,124517269,357760186,0,357760186,24754,63200,124517269,8147,31400,0,0,421644351,380423209,357760186,243892,599400,124517269,9129,35000,219136,831,149
1785577355.202119372,357760186,124517269,357760186,0,357760186,24754,63200,124517269,8147,31400,0,0,421647422,380426242,357760186,243892,599400,124517269,9129,35000,219136,831,149
1785577356.224112257,357760186,124517269,357760186,0,357760186,24754,63200,124517269,8147,31400,0,0,421650490,380429243,357760186,243892,599400,124517269,9129,35000,219136,831,149
1785577357.247670924,357760186,124517269,357760186,0,357760186,24754,63200,124517269,8147,31400,0,0,421653560,380432277,357760186,243892,599400,124517269,9129,35000,219136,831,149
1785577358.267268985,357760186,124517269,357760186,0,357760186,24754,63200,124517269,8147,31400,0,0,421656621,380435324,357760186,243892,599400,124517269,9129,35000,219136,831,149
1785577359.285850199,357760186,124517269,357760186,0,357760186,24754,63200,124517269,8147,31400,0,0,421659675,380438313,357760186,243892,599400,124517269,9129,35000,219136,831,149
1785577360.308946001,357760186,124517269,357760186,0,357760186,24754,63200,124517269,8147,31400,0,0,421662741,380441344,357760186,243892,599400,124517269,9129,35000,219136,831,149
1785577361.330414677,357760186,124517269,357760186,0,357760186,24754,63200,124517269,8147,31400,0,0,421665810,380444397,357760186,243892,599400,124517269,9129,35000,219136,831,149
1785577362.353195343,357760186,124517269,357760186,0,357760186,24754,63200,124517269,8147,31400,0,0,421668872,380447378,357760186,243892,599400,124517269,9129,35000,219136,831,149
1785577363.377804626,357760186,124517269,357760186,0,357760186,24754,63200,124517269,8147,31400,0,0,421671945,380450434,357760186,243892,599400,124517269,9129,35000,219136,831,149
1785577364.402073019,357760186,124517269,357760186,0,357760186,24754,63200,124517269,8147,31400,0,0,421675016,380453490,357760186,243892,599400,124517269,9129,35000,219136,831,149
1785577365.427553723,357760186,124517269,357760186,0,357760186,24754,63200,124517269,8147,31400,0,0,421678091,380456459,357760186,243892,599400,124517269,9129,35000,219136,831,149
1785577366.451876880,357760186,124517269,357760186,0,357760186,24754,63200,124517269,8147,31400,0,0,421681164,380459515,357760186,243892,599400,124517269,9129,35000,219136,831,149
1785577367.474773775,357760186,124517269,357760186,0,357760186,24754,63200,124517269,8147,31400,0,0,421684233,380462560,357760186,243892,599400,124517269,9129,35000,219136,831,149
1785577368.496239050,358894487,124643367,358894487,0,358895969,24785,63500,124644417,8159,31400,435,0,421687298,380465056,358906912,244968,607500,124645769,9141,35000,220191,831,149
1785577369.525763116,368041791,125659737,368041791,0,368051257,24827,63500,125660947,8219,31700,2863,0,421690372,380465062,368064644,246981,626900,125663280,9198,35300,222161,829,149
1785577370.552078914,377208481,126678253,377208481,0,377225420,24867,63500,126679399,8278,32000,5109,0,421693454,380465076,377223036,248731,640900,126680735,9256,35500,223870,826,150
1785577371.580917140,386108885,127667188,386108885,0,386131522,24914,63600,127668164,8338,32300,7326,0,421696519,380465106,386121780,250440,653100,127669498,9314,35600,225530,824,150
1785577372.608423517,395368062,128695988,395368062,0,395398067,24950,63600,128697052,8396,32600,9639,0,421699608,380465122,395380212,251820,658800,128698309,9370,35800,226874,822,151
1785577373.632569488,404412600,129700940,404412600,0,404448397,24988,63600,129701915,8453,32800,11861,0,421702672,380465146,404424828,253220,664600,129703147,9425,36000,228236,819,151
1785577374.657323332,413468780,130707172,413468780,0,413512778,25023,63600,130708421,8509,33000,14123,0,421705744,380465165,413484118,254554,670500,130709820,9479,36100,229536,817,151
1785577375.682229425,422456287,131705789,422456287,0,422506437,25060,63600,131706910,8565,33200,16400,0,421708814,380465195,422469611,255982,679200,131708286,9533,36300,230926,815,151
1785577376.704032598,431455288,132705673,431455288,0,431511354,25093,63700,132706487,8620,33400,18594,0,421711876,380465222,431465200,257282,684700,132707580,9587,36400,232191,813,152
1785577377.728382056,440493605,133709945,440493605,0,440557563,25125,63700,133711039,8674,33600,20779,0,421714939,380465237,440507501,258488,689100,133712456,9639,36600,233367,811,152
1785577378.756004357,449712259,134734231,449712259,0,449782186,25148,63700,134735363,8726,33800,23106,0,421718012,380465247,449725878,259536,691600,134736697,9689,36700,234391,809,152
1785577379.777872869,458715646,135734612,458715646,0,458792362,25181,63700,135735628,8779,34000,25336,0,421721075,380465273,458728505,260791,698600,135736892,9740,36800,235612,807,153
1785577380.800909866,467830087,136747324,467830087,0,467913332,25207,63700,136748334,8830,34100,27588,0,421724138,380465288,467844197,261947,704900,136749787,9790,36900,236743,805,153
1785577381.822426880,477007837,137767069,477007837,0,477098079,25228,63700,137768094,8880,34300,29961,0,421727197,380465305,477020781,262938,708400,137769464,9838,37000,237712,803,153
1785577382.845948045,486049575,138771706,486049575,0,486147379,25252,63700,138772831,8931,34400,32203,0,421730263,380465328,486062392,263923,711200,138774103,9887,37100,238673,801,153
1785577383.867234754,495142587,139782045,495142587,0,495246997,25276,63700,139783056,8980,34500,34511,0,421733321,380465336,495154819,264874,714500,139784348,9934,37200,239600,799,154
1785577384.893232406,504300615,140799605,504300615,0,504411614,25298,63800,140800691,9028,34700,36808,0,421736388,380465340,504313813,265786,717600,140801981,9980,37300,240489,797,154
1785577385.916541392,513175734,141785729,513175734,0,513293312,25328,63800,141786740,9077,34800,39099,0,421739458,380465363,513187550,266860,723600,141787943,10028,37400,241533,795,154
1785577386.941307165,522392155,142809774,522392155,0,522516088,25345,63800,142810716,9123,34900,41361,0,421742524,380465373,522404112,267617,724600,142811982,10073,37500,242273,793,154
1785577387.971013326,531673165,143840998,531673165,0,531804557,25359,63800,143842001,9168,35000,43593,0,421745599,380465378,531685287,268303,724700,143843290,10116,37500,242945,791,155
1785577388.991318954,540603452,144833247,540603452,0,540741433,25380,63800,144834320,9215,35100,45779,0,421748665,380465424,540616836,269091,726000,144835670,10161,37600,243712,789,155
1785577390.021630845,549878356,145863798,549878356,0,550027310,25394,63800,145865288,9260,35200,48045,0,421751750,380465436,549895026,269797,728100,145866563,10204,37700,244404,787,155
1785577391.056145417,559079097,146886100,559079097,0,559230874,25409,63800,146887181,9303,35300,50422,0,421754815,380465443,559092550,270504,729800,146888594,10246,37700,245095,786,155
1785577392.078622213,568134258,147892225,568134258,0,568293730,25431,63800,147893404,9349,35400,52718,0,421757905,380465473,568147976,271267,731700,147894741,10290,37800,245837,784,156
1785577393.103206805,577384094,148919984,577384094,0,577550339,25443,63800,148921032,9391,35500,54994,0,421760974,380465483,577397051,271881,732500,148922354,10331,37900,246438,782,156
1785577394.128429936,586571122,149940768,586571122,0,586743242,25455,63800,149941763,9433,35500,57276,0,421764036,380465505,586583592,272438,732300,149943090,10371,37900,246982,780,156
1785577395.149903737,595628194,150947103,595628194,0,595807422,25470,63800,150948155,9475,35600,59446,0,421767102,380465517,595641106,273038,732400,150949458,10412,38000,247568,779,156
1785577396.171393293,604815171,151967879,604815171,0,605001929,25480,63800,151969031,9517,35700,61733,0,421770160,380465530,604829204,273569,732000,151970452,10452,38100,248089,777,157
1785577397.192467925,613924253,152980007,613924253,0,614116413,25493,63700,152980926,9557,35800,63956,0,421773218,380465554,613935214,274136,732400,152982115,10491,38100,248642,775,157
1785577398.215977804,622930332,153980680,622930332,0,623130410,25512,63800,153981850,9598,35800,66284,0,421776280,380465573,622945044,274808,735400,153983304,10531,38200,249296,774,157
1785577399.238235752,624042168,154104215,624042168,0,624241803,25514,63800,154104215,9603,35900,66545,0,421779343,380468274,624042168,274877,735700,154104215,10535,38200,249358,774,157
1785577400.255673355,624042168,154104215,624042168,0,624241803,25514,63800,154104215,9603,35900,66545,0,421782397,380471290,624042168,274877,735700,154104215,10535,38200,249358,774,157
1785577401.279090107,624042168,154104215,624042168,0,624241803,25514,63800,154104215,9603,35900,66545,0,421785463,380474302,624042168,274877,735700,154104215,10535,38200,249358,774,157
1785577402.301192810,624042168,154104215,624042168,0,624241803,25514,63800,154104215,9603,35900,66545,0,421788530,380477353,624042168,274877,735700,154104215,10535,38200,249358,774,157
1785577403.322184699,624042168,154104215,624042168,0,624241803,25514,63800,154104215,9603,35900,66545,0,421791590,380480357,624042168,274877,735700,154104215,10535,38200,249358,774,157
1785577404.345127658,624042168,154104215,624042168,0,624241803,25514,63800,154104215,9603,35900,66545,0,421794656,380483382,624042168,274877,735700,154104215,10535,38200,249358,774,157
1785577405.369096752,624042168,154104215,624042168,0,624241803,25514,63800,154104215,9603,35900,66545,0,421797728,380486437,624042168,274877,735700,154104215,10535,38200,249358,774,157
1785577406.389196336,624042168,154104215,624042168,0,624241803,25514,63800,154104215,9603,35900,66545,0,421800789,380489367,624042168,274877,735700,154104215,10535,38200,249358,774,157
1785577407.409460265,624042168,154104215,624042168,0,624241803,25514,63800,154104215,9603,35900,66545,0,421803850,380492374,624042168,274877,735700,154104215,10535,38200,249358,774,157
1785577408.431717092,624042168,154104215,624042168,0,624241803,25514,63800,154104215,9603,35900,66545,0,421806910,380495419,624042168,274877,735700,154104215,10535,38200,249358,774,157
1785577409.454870375,624042168,154104215,624042168,0,624241803,25514,63800,154104215,9603,35900,66545,0,421809977,380498417,624042168,274877,735700,154104215,10535,38200,249358,774,157
1785577410.478579115,624042168,154104215,624042168,0,624241803,25514,63800,154104215,9603,35900,66545,0,421813046,380501460,624042168,274877,735700,154104215,10535,38200,249358,774,157
1785577411.501196065,624042168,154104215,624042168,0,624241803,25514,63800,154104215,9603,35900,66545,0,421816115,380504513,624042168,274877,735700,154104215,10535,38200,249358,774,157
1785577412.523926764,624042168,154104215,624042168,0,624241803,25514,63800,154104215,9603,35900,66545,0,421819181,380507521,624042168,274877,735700,154104215,10535,38200,249358,774,157
1785577413.545796454,624042168,154104215,624042168,0,624241803,25514,63800,154104215,9603,35900,66545,0,421822246,380510545,624042168,274877,735700,154104215,10535,38200,249358,774,157
1785577414.568461595,624042168,154104215,624042168,0,624241803,25514,63800,154104215,9603,35900,66545,0,421825315,380513595,624042168,274877,735700,154104215,10535,38200,249358,774,157
1785577415.588768477,624042168,154104215,624042168,0,624241803,25514,63800,154104215,9603,35900,66545,0,421828378,380516573,624042168,274877,735700,154104215,10535,38200,249358,774,157
1785577416.611761852,624042168,154104215,624042168,0,624241803,25514,63800,154104215,9603,35900,66545,0,421831445,380519607,624042168,274877,735700,154104215,10535,38200,249358,774,157
1785577417.635672517,624042168,154104215,624042168,0,624241803,25514,63800,154104215,9603,35900,66545,0,421834514,380522656,624042168,274877,735700,154104215,10535,38200,249358,774,157
1785577418.658827913,624042168,154104215,624042168,0,624241803,25514,63800,154104215,9603,35900,66545,0,421837582,380525650,624042168,274877,735700,154104215,10535,38200,249358,774,157
1785577419.681787961,624042168,154104215,624042168,0,624241803,25514,63800,154104215,9603,35900,66545,0,421840651,380528698,624042168,274877,735700,154104215,10535,38200,249358,774,157
1785577420.704896970,624042168,154104215,624042168,0,624241803,25514,63800,154104215,9603,35900,66545,0,421843719,380531732,624042168,274877,735700,154104215,10535,38200,249358,774,157
1785577421.731254746,624042168,154104215,624042168,0,624241803,25514,63800,154104215,9603,35900,66545,0,421846797,380534743,624042168,274877,735700,154104215,10535,38200,249358,774,157
1785577422.755406089,624042168,154104215,624042168,0,624241803,25514,63800,154104215,9603,35900,66545,0,421849868,380537799,624042168,274877,735700,154104215,10535,38200,249358,774,157
1785577423.778438046,624042168,154104215,624042168,0,624241803,25514,63800,154104215,9603,35900,66545,0,421852934,380540847,624042168,274877,735700,154104215,10535,38200,249358,774,157
1785577424.801873096,624042168,154104215,624042168,0,624241803,25514,63800,154104215,9603,35900,66545,0,421856004,380543837,624042168,274877,735700,154104215,10535,38200,249358,774,157
1785577425.824284770,624042168,154104215,624042168,0,624241803,25514,63800,154104215,9603,35900,66545,0,421859070,380546887,624042168,274877,735700,154104215,10535,38200,249358,774,157
1785577426.847935792,624042168,154104215,624042168,0,624241803,25514,63800,154104215,9603,35900,66545,0,421862140,380549897,624042168,274877,735700,154104215,10535,38200,249358,774,157
1785577427.870973936,624042168,154104215,624042168,0,624241803,25514,63800,154104215,9603,35900,66545,0,421865209,380552901,624042168,274877,735700,154104215,10535,38200,249358,774,157
1785577428.894792231,624042168,154104215,624042168,0,624241803,25514,63800,154104215,9603,35900,66545,0,421868280,380555956,624042168,274877,735700,154104215,10535,38200,249358,774,157
1785577429.917156213,624042168,154104215,624042168,0,624241803,25514,63800,154104215,9603,35900,66545,0,421871346,380558981,624042168,274877,735700,154104215,10535,38200,249358,774,157
1785577430.940693347,624042168,154104215,624042168,0,624241803,25514,63800,154104215,9603,35900,66545,0,421874416,380561989,624042168,274877,735700,154104215,10535,38200,249358,774,157
1785577431.964060297,624042168,154104215,624042168,0,624241803,25514,63800,154104215,9603,35900,66545,0,421877485,380565042,624042168,274877,735700,154104215,10535,38200,249358,774,157
1785577432.987321114,624042168,154104215,624042168,0,624241803,25514,63800,154104215,9603,35900,66545,0,421880554,380568044,624042168,274877,735700,154104215,10535,38200,249358,774,157
1785577434.011234078,624042168,154104215,624042168,0,624241803,25514,63800,154104215,9603,35900,66545,0,421883625,380571080,624042168,274877,735700,154104215,10535,38200,249358,774,157
1785577435.034495956,624042168,154104215,624042168,0,624241803,25514,63800,154104215,9603,35900,66545,0,421886695,380574133,624042168,274877,735700,154104215,10535,38200,249358,774,157
1785577436.056206474,624042168,154104215,624042168,0,624241803,25514,63800,154104215,9603,35900,66545,0,421889762,380577145,624042168,274877,735700,154104215,10535,38200,249358,774,157
1785577437.073974567,624042168,154104215,624042168,0,624241803,25514,63800,154104215,9603,35900,66545,0,421892812,380580150,624042168,274877,735700,154104215,10535,38200,249358,774,157
1785577438.096274406,624042168,154104215,624042168,0,624241803,25514,63800,154104215,9603,35900,66545,0,421895876,380583178,624042168,274877,735700,154104215,10535,38200,249358,774,157
1785577439.119274872,624042168,154104215,624042168,0,624241803,25514,63800,154104215,9603,35900,66545,0,421898942,380586160,624042168,274877,735700,154104215,10535,38200,249358,774,157
1785577440.142835586,624042168,154104215,624042168,0,624241803,25514,63800,154104215,9603,35900,66545,0,421902014,380589214,624042168,274877,735700,154104215,10535,38200,249358,774,157
1785577441.166215753,624042168,154104215,624042168,0,624241803,25514,63800,154104215,9603,35900,66545,0,421905082,380592266,624042168,274877,735700,154104215,10535,38200,249358,774,157
1785577442.188386955,624042168,154104215,624042168,0,624241803,25514,63800,154104215,9603,35900,66545,0,421908147,380595256,624042168,274877,735700,154104215,10535,38200,249358,774,157
1785577443.212135959,624042168,154104215,624042168,0,624241803,25514,63800,154104215,9603,35900,66545,0,421911218,380598295,624042168,274877,735700,154104215,10535,38200,249358,774,157
1785577444.235462395,624042168,154104215,624042168,0,624241803,25514,63800,154104215,9603,35900,66545,0,421914293,380601341,624042168,274877,735700,154104215,10535,38200,249358,774,157
1785577445.259228685,624042168,154104215,624042168,0,624241803,25514,63800,154104215,9603,35900,66545,0,421917357,380604332,624042168,274877,735700,154104215,10535,38200,249358,774,157
1785577446.283134994,624042168,154104215,624042168,0,624241803,25514,63800,154104215,9603,35900,66545,0,421920429,380607388,624042168,274877,735700,154104215,10535,38200,249358,774,157
1785577447.303227163,624042168,154104215,624042168,0,624241803,25514,63800,154104215,9603,35900,66545,0,421923491,380610430,624042168,274877,735700,154104215,10535,38200,249358,774,157
1785577448.326187877,624042168,154104215,624042168,0,624241803,25514,63800,154104215,9603,35900,66545,0,421926558,380613392,624042168,274877,735700,154104215,10535,38200,249358,774,157
1785577449.349664723,624042168,154104215,624042168,0,624241803,25514,63800,154104215,9603,35900,66545,0,421929628,380616446,624042168,274877,735700,154104215,10535,38200,249358,774,157
1785577450.372161297,624042168,154104215,624042168,0,624241803,25514,63800,154104215,9603,35900,66545,0,421932695,380619468,624042168,274877,735700,154104215,10535,38200,249358,774,157
1785577451.395365280,624042168,154104215,624042168,0,624241803,25514,63800,154104215,9603,35900,66545,0,421935763,380622479,624042168,274877,735700,154104215,10535,38200,249358,774,157
1785577452.417843716,624042168,154104215,624042168,0,624241803,25514,63800,154104215,9603,35900,66545,0,421938831,380625530,624042168,274877,735700,154104215,10535,38200,249358,774,157
1785577453.438677953,624042168,154104215,624042168,0,624241803,25514,63800,154104215,9603,35900,66545,0,421941891,380628556,624042168,274877,735700,154104215,10535,38200,249358,774,157
1785577454.461797045,624042168,154104215,624042168,0,624241803,25514,63800,154104215,9603,35900,66545,0,421944958,380631557,624042168,274877,735700,154104215,10535,38200,249358,774,157
1785577455.484375319,624042168,154104215,624042168,0,624241803,25514,63800,154104215,9603,35900,66545,0,421948028,380634610,624042168,274877,735700,154104215,10535,38200,249358,774,157
1785577456.506450289,624042168,154104215,624042168,0,624241803,25514,63800,154104215,9603,35900,66545,0,421951094,380637612,624042168,274877,735700,154104215,10535,38200,249358,774,157
1785577457.530166697,624042168,154104215,624042168,0,624241803,25514,63800,154104215,9603,35900,66545,0,421954164,380640647,624042168,274877,735700,154104215,10535,38200,249358,774,157
1785577458.549833874,624042168,154104215,624042168,0,624241803,25514,63800,154104215,9603,35900,66545,0,421957221,380643664,624042168,274877,735700,154104215,10535,38200,249358,774,157
1785577459.573011347,624042168,154104215,624042168,0,624241803,25514,63800,154104215,9603,35900,66545,0,421960289,380646681,624042168,274877,735700,154104215,10535,38200,249358,774,157
1785577460.597001125,624042168,154104215,624042168,0,624241803,25514,63800,154104215,9603,35900,66545,0,421963361,380649703,624042168,274877,735700,154104215,10535,38200,249358,774,157
1785577461.620858201,624042168,154104215,624042168,0,624241803,25514,63800,154104215,9603,35900,66545,0,421966431,380652756,624042168,274877,735700,154104215,10535,38200,249358,774,157
1785577462.642824709,624042168,154104215,624042168,0,624241803,25514,63800,154104215,9603,35900,66545,0,421969500,380655738,624042168,274877,735700,154104215,10535,38200,249358,774,157
1785577463.666108267,624042168,154104215,624042168,0,624241803,25514,63800,154104215,9603,35900,66545,0,421972571,380658791,624042168,274877,735700,154104215,10535,38200,249358,774,157
1785577464.689449249,624042168,154104215,624042168,0,624241803,25514,63800,154104215,9603,35900,66545,0,421975641,380661843,624042168,274877,735700,154104215,10535,38200,249358,774,157
1785577465.712248248,624042168,154104215,624042168,0,624241803,25514,63800,154104215,9603,35900,66545,0,421978712,380664841,624042168,274877,735700,154104215,10535,38200,249358,774,157
1785577466.736386688,624042168,154104215,624042168,0,624241803,25514,63800,154104215,9603,35900,66545,0,421981786,380667881,624042168,274877,735700,154104215,10535,38200,249358,774,157
1785577467.759795313,624042168,154104215,624042168,0,624241803,25514,63800,154104215,9603,35900,66545,0,421984862,380670931,624042168,274877,735700,154104215,10535,38200,249358,774,157
1785577468.780485616,624042168,154104215,624042168,0,624241803,25514,63800,154104215,9603,35900,66545,0,421987922,380673828,624042168,274877,735700,154104215,10535,38200,249358,774,157
1785577469.803934602,624042168,154104215,624042168,0,624241803,25514,63800,154104215,9603,35900,66545,0,421990993,380676880,624042168,274877,735700,154104215,10535,38200,249358,774,157
1785577470.828095236,624042168,154104215,624042168,0,624241803,25514,63800,154104215,9603,35900,66545,0,421994064,380679935,624042168,274877,735700,154104215,10535,38200,249358,774,157
1785577471.851046125,624042168,154104215,624042168,0,624241803,25514,63800,154104215,9603,35900,66545,0,421997135,380682919,624042168,274877,735700,154104215,10535,38200,249358,774,157
1785577472.874985465,624042168,154104215,624042168,0,624241803,25514,63800,154104215,9603,35900,66545,0,422000208,380685974,624042168,274877,735700,154104215,10535,38200,249358,774,157
1785577473.897725256,624042168,154104215,624042168,0,624241803,25514,63800,154104215,9603,35900,66545,0,422003278,380689022,624042168,274877,735700,154104215,10535,38200,249358,774,157
1785577474.921086090,624042168,154104215,624042168,0,624241803,25514,63800,154104215,9603,35900,66545,0,422006348,380692011,624042168,274877,735700,154104215,10535,38200,249358,774,157
1785577475.946095930,624042168,154104215,624042168,0,624241803,25514,63800,154104215,9603,35900,66545,0,422009423,380695069,624042168,274877,735700,154104215,10535,38200,249358,774,157
1785577476.969202471,624042168,154104215,624042168,0,624241803,25514,63800,154104215,9603,35900,66545,0,422012491,380698103,624042168,274877,735700,154104215,10535,38200,249358,774,157
1785577477.992931160,624042168,154104215,624042168,0,624241803,25514,63800,154104215,9603,35900,66545,0,422015563,380701109,624042168,274877,735700,154104215,10535,38200,249358,774,157
1785577479.016665618,624042168,154104215,624042168,0,624241803,25514,63800,154104215,9603,35900,66545,0,422018633,380704139,624042168,274877,735700,154104215,10535,38200,249358,774,157
1785577480.036385340,624042168,154104215,624042168,0,624241803,25514,63800,154104215,9603,35900,66545,0,422021696,380707161,624042168,274877,735700,154104215,10535,38200,249358,774,157
1785577481.060556206,624042168,154104215,624042168,0,624241803,25514,63800,154104215,9603,35900,66545,0,422024762,380710170,624042168,274877,735700,154104215,10535,38200,249358,774,157
1785577482.084093177,624042168,154104215,624042168,0,624241803,25514,63800,154104215,9603,35900,66545,0,422027833,380713224,624042168,274877,735700,154104215,10535,38200,249358,774,157
1785577483.107895806,624042168,154104215,624042168,0,624241803,25514,63800,154104215,9603,35900,66545,0,422030903,380716244,624042168,274877,735700,154104215,10535,38200,249358,774,157
1785577484.131800127,624042168,154104215,624042168,0,624241803,25514,63800,154104215,9603,35900,66545,0,422033974,380719261,624042168,274877,735700,154104215,10535,38200,249358,774,157
