cell	ops_M	avg_ms	p50_ms	p99_ms	p999_ms
KD-U-GET-r1	13.798				
KD-Z-GET-r1	12.684				
KD-U-MIX-r1	11.342				
KD-Z-MIX-r1	7.432				
KD-U-GET-r2	13.782				
KD-Z-GET-r2	12.645				
KD-U-MIX-r2	11.433				
KD-Z-MIX-r2	7.551				
KD-Z-MIX-r3	7.503				
KD-T-MIX-050-r1	11.393				
KD-T-MIX-075-r1	11.224				
KD-T-MIX-090-r1	9.591				
KD-T-MIX-090-r2	9.280				
BD-PROF-ON-GET-r1	13.245	2.27156	2.20700	4.19100	7.19900
BD-PROF-ON-MIX-r1	10.926	2.77160	2.71900	4.86300	8.09500
BD-PROF-OFF-GET-r1	13.840	2.17062	2.12700	3.79100	7.03900
BD-PROF-OFF-MIX-r1	11.393	2.65615	2.63900	4.51100	7.48700
BD-PIPE-1-r1	0.574	0.20720	0.18300	0.55900	0.91100
BD-PIPE-8-r1	3.421	0.27072	0.21500	1.03100	1.71900
BD-PIPE-32-r1	7.663	0.47439	0.39100	1.67900	2.87900
BD-PIPE-128-r1	12.668	1.17818	1.12700	2.39900	5.56700
BD-PIPE-256-r1	13.242	2.27758	2.22300	3.95100	7.13500
C1-64-GET-r1	10.027	0.72385	0.67100	2.35100	4.60700
C1-64-MIX-r1	8.541	0.85821	0.79900	2.76700	4.89500
C1-64-SET-r1	5.603	1.35124	1.32700	2.28700	5.27900
C1-384-GET-r1	13.022	3.49193	3.23100	6.30300	10.75100
C1-384-MIX-r1	10.115	4.51104	4.25500	9.79100	13.63100
C1-384-SET-r1	5.754	7.94641	7.80700	12.28700	16.76700
A16-1-GET-r1	12.737	2.36555	2.30300	4.15900	7.48700
A16-1-MIX-r1	10.670	2.83906	2.76700	4.95900	8.44700
A16-1-SET-r1	5.791	5.24528	4.35100	9.21500	13.82300
A16-2-GET-r1	12.895	2.33416	2.25500	4.35100	7.51900
A16-2-MIX-r1	10.741	2.81961	2.73500	4.79900	7.93500
A16-2-SET-r1	5.743	5.29021	4.41500	9.27900	13.88700
A16-3-GET-r1	12.671	2.37806	2.33500	4.15900	7.29500
A16-3-MIX-r1	10.627	2.85106	2.83100	4.79900	7.99900
A16-3-SET-r1	5.755	5.27929	4.70300	9.15100	13.63100
A16-4-GET-r1	11.937	2.52741	2.46300	4.60700	7.77500
A16-4-MIX-r1	10.056	3.01493	2.94300	5.21500	8.83100
A16-4-SET-r1	5.659	5.36905	4.35100	9.40700	14.27100
E0-DEM0-P1	0.562	0.21147	0.19100	0.57500	0.99900
E0-DEM0-P32	7.913	0.45648	0.38300	1.61500	2.78300
E0-DEM4-P1	0.572	0.20786	0.18300	0.56700	0.96700
E0-DEM4-P32	7.271	0.50018	0.43900	1.45500	2.25500
E0-DEM16-P1	0.573	0.20721	0.19100	0.52700	0.80700
E0-DEM16-P32	7.466	0.48657	0.43100	1.38300	2.00700
E0-DEM64-P1	0.578	0.20558	0.18300	0.53500	0.83100
E0-DEM64-P32	7.548	0.47954	0.41500	1.46300	2.35100
E0-DEM0-P32-r2	7.870	0.46109	0.39100	1.50300	2.44700
GATE-GET	13.309	2.27451	2.19100	4.06300	7.23100
GATE-MIX	10.877	2.78460	2.70300	4.89500	8.12700
GATE-SET	5.751	5.28256	4.51100	9.91900	13.95100
GATE-SET-ramp	5.741	5.29152	4.35100	9.21500	13.82300
E4-C1R8-GET	11.343	2.66398	2.44700	5.02300	8.70300
E4-C1R8-MIX	9.688	3.13077	2.95900	5.69500	9.27900
E4-C1R8-SET	5.734	5.29885	4.35100	9.15100	13.69500
E4-C2R8-GET	12.113	2.49093	2.38300	4.60700	8.15900
E4-C2R8-MIX	10.173	2.97952	2.87900	5.37500	9.02300
E4-C2R8-SET	5.675	5.35378	4.35100	9.40700	14.65500
E4-C4R8-GET	12.717	2.36882	2.28700	4.25500	7.61500
E4-C4R8-MIX	10.591	2.86044	2.78300	5.11900	8.63900
E4-C4R8-SET	5.708	5.32235	4.31900	9.27900	14.27100
E4-C8R8-GET	12.695	2.37287	2.25500	5.79100	11.64700
E4-C8R8-MIX	10.794	2.80539	2.71900	4.95900	8.63900
E4-C8R8-SET	5.714	5.31727	4.35100	9.34300	14.78300
E4-C12R8-GET	13.149	2.28837	2.22300	3.99900	7.29500
E4-C12R8-MIX	10.768	2.81176	2.73500	4.95900	8.38300
E4-C12R8-SET	5.713	5.31815	4.31900	9.34300	14.20700
E4-C16R8-GET	13.058	2.30391	2.23900	4.19100	7.29500
E4-C16R8-MIX	10.773	2.81090	2.73500	4.89500	8.38300
E4-C16R8-SET	5.712	5.31856	4.38300	9.53500	14.39900
E4-C8R1-GET	10.554	2.87152	2.70300	5.59900	9.21500
E4-C8R1-MIX	9.364	3.24017	3.08700	5.88700	10.04700
E4-C8R1-SET	5.709	5.32143	4.54300	9.47100	14.27100
E4-C8R2-GET	11.619	2.59963	2.51100	4.60700	8.09500
E4-C8R2-MIX	10.026	3.02406	2.94300	5.24700	8.83100
E4-C8R2-SET	5.736	5.29626	4.38300	9.27900	14.07900
E4-C8R4-GET	12.491	2.41310	2.35100	4.22300	7.35900
E4-C8R4-MIX	10.614	2.85388	2.78300	4.92700	8.31900
E4-C8R4-SET	5.699	5.33162	4.38300	9.53500	14.27100
E4-C8R12-GET	13.100	2.29773	2.22300	4.04700	7.16700
E4-C8R12-MIX	10.721	2.82487	2.75100	4.92700	8.19100
E4-C8R12-SET	5.721	5.31022	4.54300	9.59900	14.59100
E4-C8R8-r2-W1	13.159	2.28552	2.22300	4.06300	7.35900
E4-C8R8-r2-W2	10.931	2.76896	2.70300	4.79900	8.25500
BD2-GET-P1	0.578	0.20568	0.18300	0.54300	0.83100
BD2-GET-P8	3.400	0.27227	0.21500	1.00700	1.62300
BD2-GET-P32	7.552	0.48118	0.40700	1.55900	2.44700
BD2-GET-P64	10.086	0.72904	0.67900	2.09500	4.67100
BD2-GET-P128	12.358	1.19653	1.15900	2.63900	5.63100
BD2-GET-P256	13.173	2.28442	2.20700	4.15900	7.26300
BD2-GET-P384	13.141	3.45830	3.19900	6.30300	10.81500
BD2-MIX-P1	0.565	0.21040	0.18300	0.57500	0.96700
BD2-MIX-P8	3.311	0.28069	0.22300	1.10300	1.86300
BD2-MIX-P32	7.012	0.52124	0.43900	1.80700	2.97500
BD2-MIX-P64	8.588	0.85520	0.81500	2.33500	4.86300
BD2-MIX-P128	10.357	1.44036	1.43100	2.38300	5.43900
BD2-MIX-P256	10.843	2.79272	2.70300	4.79900	8.03100
BD2-MIX-P384	10.169	4.48675	4.22300	9.85500	13.31100
V16-W1	14.503	2.03292	1.97500	3.63100	6.81500
V16-W2	11.616	2.56907	2.51100	4.41500	7.64700
V16-W3	6.132	4.92965	4.92700	7.64700	11.71100
V32-W1	14.226	2.09209	2.04700	3.67900	6.75100
V32-W2	11.463	2.62228	2.57500	4.51100	7.74300
V32-W3	6.104	4.95319	4.95900	7.77500	11.77500
V-A-B3-W1	11.001	2.74578	2.59100	6.04700	8.95900
V-A-B3-W2	9.532	3.18613	2.97500	7.19900	10.75100
V-A-B20-W1	11.063	2.72948	2.59100	5.79100	8.76700
V-A-B20-W2	9.606	3.16132	2.95900	6.94300	9.98300
PT-C-P1	0.571	0.20806	0.18300	0.55100	0.91100
PT-C-P8	3.485	0.26547	0.21500	1.01500	1.67900
PT-C-P32	8.083	0.44602	0.37500	1.51900	2.44700
PT-C-P64	10.155	0.71297	0.66300	2.28700	4.38300
PT-C-P128	12.932	1.14010	1.09500	2.67100	5.47100
PT-C-P256	13.827	2.17081	2.14300	4.01500	7.19900
PT-C-P384	14.014	3.23869	3.16700	5.82300	10.30300
PT-B-P1	0.573	0.20726	0.18300	0.55100	0.87900
PT-B-P8	3.434	0.26975	0.21500	1.03100	1.63900
PT-B-P32	7.459	0.48743	0.41500	1.63900	2.62300
PT-B-P64	9.430	0.78106	0.73500	2.28700	4.79900
PT-B-P128	11.580	1.28263	1.27100	2.22300	5.47100
PT-B-P256	12.357	2.44057	2.43100	4.01500	7.23100
PT-B-P384	12.497	3.64091	3.58300	6.43100	10.62300
PT-A-P1	0.572	0.20816	0.18300	0.57500	0.91900
PT-A-P8	3.042	0.30866	0.23900	1.23900	2.14300
PT-A-P32	5.597	0.66429	0.57500	2.12700	3.42300
PT-A-P64	7.014	1.05428	0.99100	3.29500	5.05500
PT-A-P128	7.303	2.05966	2.03900	3.58300	6.27100
PT-A-P256	7.247	4.18758	4.04700	9.53500	12.15900
PT-A-P384	7.293	6.26157	6.11100	14.39900	17.91900
PT-C-Z256	12.775	2.35604	2.28700	4.70300	6.36700
PT-B-Z256	9.381	3.23353	3.15100	6.14300	8.15900
PT-A-Z256	1.734	17.63270	15.55100	47.10300	55.80700
ST-C-P1	0.611	0.19418	0.17500	0.48700	0.78300
ST-C-P8	4.020	0.22775	0.19100	0.68700	1.15100
ST-C-P32	9.874	0.35445	0.27900	1.18300	1.93500
ST-C-P64	11.497	0.62211	0.51900	2.23900	3.71100
V64-W1	13.048	2.30730	2.23900	4.12700	7.26300
V64-W2	10.767	2.81235	2.73500	4.89500	8.31900
V64-W3	5.689	5.34070	4.41500	9.40700	14.33500
V152-W1	11.438	2.65582	2.57500	4.83100	8.76700
V152-W2	9.731	3.13056	2.92700	6.07900	9.66300
V152-W3	5.338	5.72366	6.07900	8.51100	12.92700
BD3-GET-P1	0.576	0.20640	0.18300	0.56700	0.94300
BD3-GET-P8	3.437	0.26945	0.21500	0.96700	1.53500
BD3-GET-P32	7.787	0.46445	0.38300	1.69500	2.86300
BD3-GET-P64	9.671	0.75269	0.71100	2.25500	4.63900
BD3-GET-P128	11.625	1.27664	1.25500	2.43100	5.53500
BD3-GET-P256	11.923	2.53178	2.54300	3.75900	7.19900
BD3-GET-P384	11.025	4.13939	4.19100	5.95100	11.26300
BD3-MIX-P1	0.565	0.21045	0.18300	0.58300	0.94300
BD3-MIX-P8	3.233	0.28771	0.23100	1.06300	1.73500
BD3-MIX-P32	6.817	0.53669	0.44700	1.86300	3.05500
BD3-MIX-P64	8.206	0.89784	0.84700	2.75100	4.89500
BD3-MIX-P128	9.743	1.53856	1.52700	2.38300	5.53500
BD3-MIX-P256	9.843	3.08139	3.08700	4.54300	8.03100
BD3-MIX-P384	8.046	5.68203	4.99100	10.94300	15.99900
ST-C-P128	14.001	1.04397	0.94300	3.19900	4.83100
ST-C-P256	15.372	1.94599	1.88700	4.83100	6.65500
ST-C-P384	15.918	2.84367	2.83100	6.55900	9.15100
ST-B-P1	0.607	0.19543	0.18300	0.48700	0.73500
ST-B-P8	3.597	0.25671	0.21500	0.77500	1.12700
ST-B-P32	7.434	0.48938	0.44700	1.26300	1.72700
ST-B-P64	7.907	0.93742	0.85500	2.22300	2.89500
ST-B-P128	9.242	1.62373	1.43900	3.56700	4.54300
ST-B-P256	9.471	3.20480	2.73500	6.52700	7.99900
ST-B-P384	9.744	4.68846	4.07900	9.98300	12.54300
ST-A-P1	0.467	0.25540	0.21500	0.76700	1.07900
ST-A-P8	1.000	0.95012	0.88700	2.03100	2.51100
ST-A-P32	1.148	3.31210	2.78300	6.62300	7.67900
ST-A-P64	1.174	6.47845	5.43900	12.79900	14.59100
ST-A-P128	1.161	13.15998	11.19900	26.23900	30.20700
ST-A-P256	1.198	26.22572	24.31900	54.78300	60.67100
ST-A-P384	1.168	39.34486	35.32700	79.87100	92.67100
ST-C-Z256	13.125	2.29091	2.15900	4.67100	6.14300
ST-B-Z256	6.540	4.65347	4.47900	8.57500	10.23900
ST-A-Z256	1.100	27.84184	25.47100	55.80700	62.97500
ST-S-P1	0.322	0.37197	0.35100	0.97500	1.33500
ST-S-P8	0.568	1.68242	1.49500	3.53500	4.47900
ST-S-P32	0.622	6.14911	5.21500	12.47900	14.71900
ST-S-P64	0.622	12.30792	10.55900	25.34300	31.35900
ST-S-P128	0.633	24.20829	20.47900	47.61500	58.11100
ST-S-P256	0.632	48.48586	40.95900	93.69500	111.10300
ST-S-P384	0.623	73.77972	71.67900	118.27100	141.31100
SLOTAB-256	8.722	3.48352	3.35900	6.27100	9.66300
SF-OP-GET	12.828	2.34568	2.27100	4.15900	7.39100
SF-OP-MIX	10.680	2.83657	2.75100	4.83100	8.19100
SF-OP-SET	5.673	5.35596	4.38300	9.34300	13.82300
ATTR-A	7.617	3.99360	3.79100	7.74300	10.81500
ATTR-B	12.794	2.35465	2.27100	4.15900	7.32700
SF3-OP-GET	12.873	2.33946	2.25500	4.12700	7.23100
SF3-OP-MIX	10.687	2.83431	2.73500	4.89500	8.12700
SF3-OP-SET	5.635	5.39221	4.38300	9.27900	13.82300
SF3-P1-GET	0.567	0.20955	0.18300	0.58300	1.02300
SF3-P1-MIX	0.563	0.21108	0.18300	0.60700	1.07100
SF3-P1-SET	0.570	0.20966	0.18300	0.58300	1.07100
SF3-P8-GET	3.406	0.27209	0.21500	1.02300	1.62300
SF3-P8-MIX	3.355	0.27785	0.21500	1.09500	1.80700
SF3-P8-SET	2.788	0.34149	0.28700	1.23900	2.15900
SF3-P32-GET	7.521	0.48360	0.40700	1.59900	2.54300
SF3-P32-MIX	6.846	0.53458	0.44700	1.79900	2.91100
SF3-P32-SET	4.720	0.80194	0.71900	2.54300	4.03100
SF3-P64-GET	9.900	0.74317	0.70300	2.07900	4.67100
SF3-P64-MIX	8.451	0.87402	0.82300	2.63900	4.95900
SF3-P64-SET	5.515	1.37296	1.35900	2.01500	4.92700
SF3-P128-GET	12.102	1.22347	1.18300	2.51100	5.66300
SF3-P128-MIX	10.213	1.46654	1.44700	2.52700	5.69500
SF3-P128-SET	5.819	2.59988	2.59100	3.83900	6.84700
SF3-P256-GET	12.828	2.34767	2.27100	4.25500	7.39100
SF3-P256-MIX	10.659	2.84244	2.75100	4.86300	8.15900
SF3-P256-SET	5.636	5.39097	4.41500	9.27900	13.75900
SF3-P384-GET	12.741	3.56958	3.27900	6.39900	10.68700
SF3-P384-MIX	9.817	4.64904	4.38300	10.23900	13.75900
SF3-P384-SET	5.628	8.12598	7.99900	12.54300	16.89500
SF3-P512-GET	12.419	4.90228	4.41500	9.21500	14.78300
SF3-P512-MIX	7.261	8.41520	7.16700	23.93500	32.51100
SF3-P512-SET	5.612	10.88514	11.90300	15.67900	22.27100
SF3-E1x1024-GET	12.215	2.47142	2.38300	6.39900	9.02300
SF3-E1x1024-MIX	10.534	2.87471	2.83100	4.60700	8.44700
SF3-E1x1024-SET	5.251	5.70695	4.76700	6.33500	7.19900
SF3-E2x512-GET	13.475	2.23464	2.14300	5.53500	7.96700
SF3-E2x512-MIX	10.455	2.89295	2.71900	5.43900	9.15100
SF3-E2x512-SET	5.763	5.27196	5.66300	7.74300	12.09500
SF3-E4x256-GET	12.512	2.40910	2.31900	4.28700	7.48700
SF3-E4x256-MIX	10.491	2.88858	2.78300	4.99100	8.38300
SF3-E4x256-SET	5.596	5.43024	4.38300	9.34300	13.88700
SF3-E8x128-GET	11.587	2.60557	2.30300	4.99100	8.25500
SF3-E8x128-MIX	9.772	3.08792	2.78300	5.59900	9.08700
SF3-E8x128-SET	5.632	5.41224	5.72700	9.08700	13.63100
SF3-E16x64-GET	9.464	3.22059	2.89500	6.59100	10.36700
SF3-E16x64-MIX	8.295	3.66689	3.27900	7.10300	10.62300
SF3-E16x64-SET	5.235	5.84528	4.95900	11.00700	15.35900
SF3-E32x32-GET	8.525	3.57299	3.08700	7.29500	11.90300
SF3-E32x32-MIX	7.570	4.03071	3.48700	7.99900	12.03100
SF3-E32x32-SET	5.053	6.06708	5.15100	11.07100	15.48700
SF3-E64x16-GET	6.182	4.95290	4.67100	10.55900	15.35900
SF3-E64x16-MIX	5.757	5.31573	4.95900	11.19900	15.74300
SF3-E64x16-SET	4.349	7.05600	6.43100	14.27100	18.43100
SF3-E128x8-GET	4.500	6.81188	6.30300	15.80700	26.11100
SF3-E128x8-MIX	4.205	7.29182	6.75100	16.31900	24.06300
SF3-E128x8-SET	3.441	8.92109	8.44700	18.94300	27.00700
SF3-D8-GET	13.609	2.14251	1.99900	3.95100	7.29500
SF3-D8-MIX	11.188	2.64517	2.54300	4.57500	7.80700
SF3-D8-SET	6.029	5.01331	5.02300	7.48700	11.64700
SF3-D16-GET	13.529	2.18829	2.09500	3.99900	7.10300
SF3-D16-MIX	11.053	2.70521	2.59100	5.02300	8.03100
SF3-D16-SET	5.988	5.04858	5.05500	7.90300	12.15900
SF3-D24-GET	13.204	2.25287	2.17500	3.98300	7.16700
SF3-D24-MIX	10.915	2.74577	2.65500	4.73500	8.06300
SF3-D24-SET	5.974	5.06057	5.05500	7.64700	11.83900
SF3-D32-GET	13.346	2.23625	2.15900	3.98300	7.13500
SF3-D32-MIX	10.930	2.75378	2.65500	4.70300	8.06300
SF3-D32-SET	5.969	5.06531	5.08700	7.55100	11.90300
SF3-D48-GET	12.790	2.34854	2.25500	4.15900	7.35900
SF3-D48-MIX	10.671	2.83264	2.75100	4.92700	8.19100
SF3-D48-SET	5.725	5.28963	4.83100	10.11100	14.20700
SF3-D64-GET	12.492	2.41294	2.31900	4.38300	7.61500
SF3-D64-MIX	10.452	2.89948	2.78300	5.02300	8.38300
SF3-D64-SET	5.592	5.43436	4.38300	9.40700	14.14300
SF3-D96-GET	11.998	2.52347	2.41500	4.54300	7.87100
SF3-D96-MIX	10.104	3.00970	2.84700	5.40700	8.95900
SF3-D96-SET	5.468	5.57329	5.88700	8.38300	12.60700
SF3-D128-GET	11.469	2.64611	2.52700	4.83100	8.19100
SF3-D128-MIX	9.657	3.15263	2.95900	5.95100	9.47100
SF3-D128-SET	5.297	5.76399	5.08700	8.89500	13.37500
SF3-C1-GET	10.865	2.78840	2.59100	5.18300	8.70300
SF3-C1-MIX	9.333	3.25193	3.07100	5.91900	9.59900
SF3-C1-SET	5.629	5.39806	4.44700	9.40700	14.07900
SF3-C5-GET	12.466	2.41872	2.33500	4.28700	7.51900
SF3-C5-MIX	10.352	2.92814	2.84700	5.02300	8.31900
SF3-C5-SET	5.631	5.39638	4.41500	9.27900	13.82300
SF3-C6-GET	12.463	2.41808	2.33500	4.35100	7.48700
SF3-C6-MIX	10.384	2.91885	2.83100	5.05500	8.44700
SF3-C6-SET	5.598	5.42828	4.41500	9.40700	14.01500
SF3-C7-GET	12.350	2.44163	2.35100	4.35100	7.45500
SF3-C7-MIX	10.283	2.94780	2.86300	5.08700	8.31900
SF3-C7-SET	5.610	5.41665	4.44700	9.40700	13.95100
SF3-C8-GET	12.806	2.35187	2.27100	4.15900	7.19900
SF3-C8-MIX	10.610	2.85598	2.76700	4.99100	8.15900
SF3-C8-SET	5.650	5.37824	4.41500	9.27900	13.82300
SF3-C9-GET	12.731	2.36556	2.28700	4.12700	7.42300
SF3-C9-MIX	10.606	2.85717	2.76700	4.89500	8.15900
SF3-C9-SET	5.614	5.41290	4.41500	9.34300	14.07900
SF3-C10-GET	12.934	2.32805	2.25500	4.12700	7.19900
SF3-C10-MIX	10.664	2.84124	2.76700	4.86300	8.09500
SF3-C10-SET	5.639	5.38842	4.47900	9.27900	13.75900
SF3-C11-GET	12.676	2.37699	2.28700	4.25500	7.42300
SF3-C11-MIX	10.548	2.87286	2.78300	4.92700	8.31900
SF3-C11-SET	5.603	5.42311	4.41500	9.34300	13.95100
SF3-C12-GET	12.818	2.35039	2.27100	4.12700	7.19900
SF3-C12-MIX	10.619	2.85334	2.76700	4.86300	8.09500
SF3-C12-SET	5.654	5.37385	4.41500	9.21500	13.56700
SF3-C13-GET	12.813	2.35078	2.25500	4.51100	7.45500
SF3-C13-MIX	10.620	2.85317	2.76700	4.86300	8.06300
SF3-C13-SET	5.626	5.40086	4.54300	10.11100	13.82300
SF3-C14-GET	12.805	2.35124	2.27100	4.19100	7.42300
SF3-C14-MIX	10.690	2.83404	2.75100	4.86300	8.12700
SF3-C14-SET	5.667	5.36199	4.44700	9.21500	13.82300
SF3-C15-GET	12.721	2.36871	2.28700	4.15900	7.35900
SF3-C15-MIX	10.587	2.86215	2.78300	4.89500	8.25500
SF3-C15-SET	5.603	5.42297	4.38300	9.27900	13.75900
SF3-C16-GET	12.829	2.34786	2.27100	4.09500	7.26300
SF3-C16-MIX	10.667	2.84046	2.76700	4.86300	8.06300
SF3-C16-SET	5.647	5.38104	4.41500	9.27900	13.75900
SF3-Q1-GET	13.096	2.29755	2.22300	4.07900	7.19900
SF3-Q1-MIX	10.817	2.80025	2.73500	4.79900	7.90300
SF3-Q1-SET	5.773	5.26281	4.38300	9.08700	13.50300
SF3-Q2-GET	12.975	2.32038	2.23900	4.12700	7.13500
SF3-Q2-MIX	10.711	2.82780	2.73500	4.92700	8.03100
SF3-Q2-SET	5.731	5.30083	4.38300	9.02300	13.56700
SF3-Q4-GET	12.758	2.36108	2.28700	4.09500	7.26300
SF3-Q4-MIX	10.611	2.85562	2.75100	4.99100	8.25500
SF3-Q4-SET	5.630	5.39761	4.41500	9.27900	13.75900
SF3-Q16-GET	12.403	2.43121	2.35100	4.31900	7.58300
SF3-Q16-MIX	10.376	2.92075	2.81500	5.05500	8.44700
SF3-Q16-SET	5.650	5.37745	4.38300	9.40700	14.07900
SF3-O1-GET	9.698	3.12964	2.51100	5.50300	9.27900
SF3-O1-MIX	8.902	3.41083	3.35900	5.63100	9.21500
SF3-O1-SET	5.678	5.35116	4.31900	9.15100	13.95100
SF3-O2-GET	12.092	2.49511	2.43100	4.31900	7.39100
SF3-O2-MIX	10.090	3.00486	2.95900	5.02300	8.31900
SF3-O2-SET	5.756	5.27857	4.35100	9.02300	13.56700
SF3-O4-GET	12.806	2.35167	2.30300	4.12700	7.16700
SF3-O4-MIX	10.594	2.86035	2.84700	4.76700	7.90300
SF3-O4-SET	5.734	5.29883	4.67100	9.08700	13.43900
SF3-O8-GET	12.900	2.33411	2.25500	4.22300	7.42300
SF3-O8-MIX	10.654	2.84298	2.75100	4.86300	8.09500
SF3-O8-SET	5.689	5.34013	4.38300	9.15100	13.69500
SF3-O16-GET	12.757	2.36161	2.28700	4.25500	7.29500
SF3-O16-MIX	10.562	2.86858	2.76700	4.95900	8.31900
SF3-O16-SET	5.635	5.39228	4.38300	9.27900	13.75900
SF3-S16x16-GET	12.539	2.40440	2.35100	4.22300	7.64700
SF3-S16x16-MIX	10.670	2.83940	2.79900	5.02300	8.03100
SF3-S16x16-SET	5.626	5.40061	4.63900	9.72700	14.46300
SF3-S32x8-GET	12.288	2.45414	2.36700	4.38300	7.58300
SF3-S32x8-MIX	10.342	2.93084	2.83100	5.02300	8.51100
SF3-S32x8-SET	5.564	5.46100	4.35100	9.66300	14.52700
SF3-T1-GET	0.751	1.33473	1.26300	2.63900	3.26300
SF3-T1-MIX	0.706	1.42039	1.36700	2.62300	3.32700
SF3-T1-SET	0.540	1.85639	1.87100	3.29500	4.01500
SF3-T2-GET	1.539	1.30240	1.24700	2.49500	3.21500
SF3-T2-MIX	1.385	1.44594	1.38300	2.60700	3.31100
SF3-T2-SET	1.071	1.87519	1.91100	3.21500	3.91900
SF3-T4-GET	2.983	1.34296	1.27900	2.49500	3.18300
SF3-T4-MIX	2.744	1.46103	1.43900	2.51100	3.16700
SF3-T4-SET	1.899	2.11784	2.23900	3.48700	4.12700
SF3-T8-GET	5.475	1.46358	1.42300	2.47900	3.18300
SF3-T8-MIX	4.797	1.67319	1.66300	2.57500	3.29500
SF3-T8-SET	2.894	2.78679	2.97500	4.35100	5.27900
SF3-T12-GET	7.498	1.60486	1.54300	3.35900	5.88700
SF3-T12-MIX	6.450	1.87107	1.85500	2.81500	3.74300
SF3-T12-SET	3.485	3.47587	3.80700	5.43900	6.39900
SF3-T16-GET	9.360	1.71317	1.65500	4.38300	6.36700
SF3-T16-MIX	7.956	2.02493	1.99900	3.07100	5.05500
SF3-T16-SET	3.912	4.13597	4.67100	6.43100	8.51100
SF3-T24-GET	11.385	2.11406	2.03900	3.74300	7.03900
SF3-T24-MIX	9.563	2.53257	2.39900	4.28700	5.34300
SF3-T24-SET	4.973	4.88614	4.57500	8.09500	10.36700
SF3-T28-GET	12.583	2.23240	2.15900	3.83900	6.33500
SF3-T28-MIX	10.365	2.72720	2.63900	4.54300	6.14300
SF3-T28-SET	5.480	5.17403	4.35100	8.44700	11.32700
SF3-T30-GET	12.808	2.35202	2.27100	4.15900	7.32700
SF3-T30-MIX	10.599	2.85883	2.76700	4.89500	8.25500
SF3-T30-SET	5.622	5.40521	4.31900	9.40700	14.14300
SF3-OP-r2-GET	12.839	2.34598	2.27100	4.12700	7.35900
SF3-OP-r2-MIX	10.576	2.86485	2.76700	4.92700	8.25500
SF3-OP-r2-SET	5.666	5.36275	4.38300	9.27900	13.95100
SF3-C2-GET	11.732	2.57315	2.46300	4.67100	7.74300
SF3-C2-MIX	9.949	3.04789	2.94300	5.31100	8.70300
SF3-C2-SET	5.657	5.37113	4.38300	9.15100	13.50300
SF3-C3-GET	11.983	2.51878	2.41500	4.44700	7.71100
SF3-C3-MIX	10.058	3.01485	2.91100	5.21500	8.70300
SF3-C3-SET	5.586	5.44032	4.41500	9.34300	14.01500
SF3-C4-GET	12.350	2.44195	2.35100	4.28700	7.51900
SF3-C4-MIX	10.332	2.93378	2.84700	5.08700	8.38300
SF3-C4-SET	5.621	5.40576	4.41500	9.27900	13.88700
SF3-D4-GET	13.717	2.12295	2.00700	3.80700	6.78300
SF3-D4-MIX	11.112	2.66117	2.60700	4.51100	7.67900
SF3-D4-SET	6.067	4.98280	4.99100	7.29500	11.51900
SF3-Q8-GET	12.691	2.37421	2.28700	4.22300	7.19900
SF3-Q8-MIX	10.540	2.87511	2.79900	4.89500	8.15900
SF3-Q8-SET	5.669	5.35975	4.35100	9.34300	13.95100
SF3-O4-r2-GET	12.863	2.34174	2.30300	3.99900	7.00700
SF3-O4-r2-MIX	10.587	2.86183	2.83100	4.83100	7.99900
SF3-O4-r2-SET	5.738	5.29550	4.60700	9.15100	13.56700
SF3-OP-r3-GET	12.988	2.31859	2.23900	4.06300	7.26300
SF3-OP-r3-MIX	10.780	2.81022	2.71900	4.83100	8.03100
SF3-OP-r3-SET	5.674	5.35489	4.44700	9.21500	13.75900
SF3-Q1-r2-GET	13.060	2.30493	2.23900	4.04700	7.32700
SF3-Q1-r2-MIX	10.727	2.82368	2.73500	4.86300	8.12700
SF3-Q1-r2-SET	5.738	5.29425	4.35100	9.02300	13.50300
SF3-S16x16-r2-GET	12.514	2.40848	2.31900	4.35100	7.55100
SF3-S16x16-r2-MIX	10.477	2.89232	2.79900	4.99100	8.38300
SF3-S16x16-r2-SET	5.610	5.41603	4.35100	9.40700	14.07900
WFIX-OP-GET	12.862	2.34118	2.28700	4.07900	7.26300
WFIX-OP-MIX	10.954	2.76378	2.67100	4.86300	8.15900
WFIX-OP-SET	6.328	4.79691	3.99900	8.31900	12.67100
R4-OP-GET	12.874	2.33931	2.27100	4.31900	7.32700
R4-OP-MIX	11.181	2.70706	2.63900	4.67100	7.83900
R4-OP-SET	6.350	4.78030	4.01500	8.31900	12.79900
R5-OP-GET	12.894	2.33578	2.27100	4.09500	7.26300
R5-OP-MIX	11.132	2.71534	2.62300	4.79900	8.15900
R5-OP-SET	6.224	4.87839	3.98300	8.70300	13.69500
R5-OP-C	12.664	2.37795	2.30300	4.22300	7.55100
R5-OP-B	11.892	2.54099	2.47900	4.47900	7.90300
R5-OP-A	7.559	4.01236	3.80700	9.66300	12.60700
R5-P1-C	0.570	0.20850	0.18300	0.58300	1.03900
R5-P1-B	0.564	0.21087	0.18300	0.59100	0.99900
R5-P1-A	0.563	0.21157	0.18300	0.61500	1.05500
R5-P8-C	3.351	0.27669	0.21500	1.07900	1.83900
R5-P8-B	3.350	0.27676	0.21500	1.07100	1.75100
R5-P8-A	3.025	0.31170	0.24700	1.20700	2.11100
R5-P32-C	7.404	0.49121	0.40700	1.72700	2.99100
R5-P32-B	7.144	0.51084	0.42300	1.79900	3.02300
R5-P32-A	5.769	0.64437	0.54300	2.12700	3.50300
R5-P64-C	9.666	0.75442	0.70300	2.39900	4.76700
R5-P64-B	9.093	0.80405	0.74300	2.60700	4.86300
R5-P64-A	7.526	0.98056	0.91100	3.23100	4.99100
R5-P128-C	12.359	1.20889	1.17500	2.27100	5.56700
R5-P128-B	11.474	1.30123	1.27900	2.31900	5.63100
R5-P128-A	7.921	1.89665	1.87900	3.24700	6.17500
R5-P256-C	12.739	2.36749	2.27100	4.22300	7.42300
R5-P256-B	11.949	2.52760	2.44700	4.41500	7.48700
R5-P256-A	7.622	3.97884	3.79100	9.53500	12.09500
R5-P384-C	12.724	3.57555	3.27900	6.39900	10.68700
R5-P384-B	11.646	3.91178	3.51900	7.45500	12.09500
R5-P384-A	7.585	6.02088	5.85500	14.65500	17.79100
R5-P512-C	12.287	4.95511	4.41500	9.27900	15.61500
R5-P512-B	5.181	11.81131	10.11100	35.83900	49.40700
R5-P512-A	7.434	8.20850	7.80700	17.15100	22.01500
R5-E1x1024-C	12.386	2.43648	2.33500	5.95100	8.70300
R5-E1x1024-B	11.473	2.63553	2.59100	5.82300	9.02300
R5-E1x1024-A	7.842	3.86644	3.61500	5.63100	8.44700
R5-E2x512-C	13.451	2.23773	2.14300	5.43900	7.87100
R5-E2x512-B	11.562	2.61360	2.44700	5.11900	8.89500
R5-E2x512-A	7.876	3.84863	3.88700	6.65500	10.30300
R5-E4x256-C	12.550	2.40146	2.30300	4.38300	7.32700
R5-E8x128-C	12.152	2.47146	2.17500	5.02300	8.83100
R5-E8x128-B	9.454	3.14470	2.94300	7.51900	10.68700
R5-E8x128-A	7.456	4.03969	3.88700	8.31900	11.58300
R6-OP-U-C	12.904	2.33385	2.27100	4.06300	7.35900
R6-OP-U-B	12.015	2.51235	2.43100	4.41500	7.67900
R6-OP-U-A	7.597	3.99254	3.79100	9.59900	12.28700
R6-OP-Z-C	11.944	2.52667	2.43100	5.11900	7.00700
R6-OP-Z-B	9.343	3.24960	3.13500	6.46300	8.63900
R6-OP-Z-A	1.691	18.10197	15.87100	48.38300	57.34300
R6-P1-U-C	0.571	0.20797	0.18300	0.55900	0.91900
R6-P1-U-B	0.567	0.20952	0.18300	0.56700	0.90300
R6-P1-U-A	0.565	0.21083	0.18300	0.59900	1.00700
R6-P1-Z-C	0.566	0.20996	0.19100	0.56700	0.95900
R6-P1-Z-B	0.573	0.20738	0.18300	0.55100	0.85500
R6-P1-Z-A	0.561	0.21260	0.18300	0.61500	1.07100
R6-P8-U-C	3.413	0.27144	0.21500	1.02300	1.65500
R6-P8-U-B	3.297	0.28095	0.22300	1.05500	1.71100
R6-P8-U-A	3.070	0.30691	0.24700	1.16700	1.99100
R6-P8-Z-C	3.403	0.27217	0.21500	0.99100	1.53500
R6-P8-Z-B	3.208	0.28971	0.23100	1.03900	1.59100
R6-P8-Z-A	2.373	0.39823	0.36700	1.11900	1.58300
R6-P32-U-C	7.492	0.48572	0.40700	1.63900	2.65500
R6-P32-U-B	7.129	0.51200	0.43100	1.76700	2.86300
R6-P32-U-A	5.769	0.64451	0.54300	2.12700	3.40700
R6-P32-Z-C	7.464	0.48761	0.41500	1.55100	2.30300
R6-P32-Z-B	6.376	0.57500	0.49500	1.69500	2.36700
R6-P32-Z-A	3.663	1.02407	0.97500	2.20700	2.95900
R6-P64-U-C	9.840	0.73799	0.68700	2.28700	4.67100
R6-P64-U-B	9.221	0.79150	0.74300	2.36700	4.73500
R6-P64-U-A	7.460	0.98997	0.91900	3.18300	4.95900
R6-P64-Z-C	8.969	0.82445	0.74300	2.44700	3.67900
R6-P64-Z-B	7.356	1.00658	0.91900	2.63900	3.71100
R6-P64-Z-A	2.853	2.64148	2.49500	5.56700	7.10300
R6-P128-U-C	12.208	1.21996	1.19100	2.27100	5.59900
R6-P128-U-B	11.409	1.30687	1.27900	2.51100	5.59900
R6-P128-U-A	7.896	1.90282	1.87900	3.29500	6.11100
R6-P128-Z-C	11.298	1.32363	1.26300	3.00700	4.47900
R6-P128-Z-B	8.953	1.68038	1.61500	3.63100	5.11900
R6-P128-Z-A	2.200	6.92453	6.46300	15.80700	20.73500
R6-P256-U-C	12.796	2.35437	2.27100	4.12700	7.16700
R6-P256-U-B	11.871	2.54254	2.46300	4.47900	7.77500
R6-P256-U-A	7.558	4.01297	3.80700	9.66300	12.41500
R6-P256-Z-C	12.041	2.50577	2.41500	5.05500	6.94300
R6-P256-Z-B	9.350	3.24714	3.13500	6.43100	8.63900
R6-P256-Z-A	1.686	18.14905	15.93500	48.63900	57.85500
R6-P384-U-C	12.731	3.57310	3.26300	6.39900	10.81500
R6-P384-U-B	11.646	3.91193	3.51900	7.39100	11.77500
R6-P384-U-A	7.537	6.06028	5.91900	14.71900	18.17500
R6-P384-Z-C	12.274	3.70821	3.47100	7.29500	9.59900
R6-P384-Z-B	9.131	5.00548	4.67100	10.36700	13.63100
R6-P384-Z-A	1.553	29.59897	25.34300	79.87100	94.20700
R6-P512-U-C	12.337	4.93547	4.41500	9.34300	16.06300
R6-P512-U-B	5.058	12.09949	10.43100	36.60700	50.17500
R6-P512-U-A	7.436	8.20735	7.77500	17.40700	22.39900
R6-P512-Z-C	11.969	5.08850	4.57500	10.36700	13.88700
R6-P512-Z-B	4.672	13.10285	11.64700	34.04700	43.51900
R6-P512-Z-A	1.544	39.75741	37.37500	85.50300	96.76700
R6-E1x1024-U-C	12.611	2.39262	2.33500	5.59900	8.06300
R6-E1x1024-U-B	11.649	2.59469	2.52700	5.88700	8.89500
R6-E1x1024-U-A	7.812	3.95079	3.69500	5.24700	7.93500
R6-E1x1024-Z-C	12.112	2.49236	2.35100	5.21500	7.00700
R6-E1x1024-Z-B	8.898	3.49895	2.73500	4.31900	6.46300
R6-E1x1024-Z-A	1.516	24.08520	2.30300	4.92700	35.32700
R6-E2x512-U-C	13.580	2.21667	2.14300	5.37500	7.77500
R6-E2x512-U-B	11.563	2.61388	2.44700	5.08700	8.83100
R6-E2x512-U-A	7.837	3.86846	3.91900	6.62300	10.62300
R6-E2x512-Z-C	12.359	2.44133	2.30300	5.08700	6.91100
R6-E2x512-Z-B	8.942	3.39240	3.15100	6.94300	9.21500
R6-E2x512-Z-A	1.987	15.39645	15.87100	27.13500	31.35900
R6-E4x256-U-C	12.621	2.38819	2.30300	4.22300	7.29500
R6-E4x256-U-B	11.696	2.58727	2.47900	4.57500	7.74300
R6-E4x256-U-A	7.499	4.04558	3.82300	9.85500	12.47900
R6-E4x256-Z-C	11.969	2.52107	2.43100	5.02300	6.84700
R6-E4x256-Z-B	9.222	3.29269	3.16700	6.55900	8.83100
R6-E4x256-Z-A	1.669	18.33460	16.06300	48.89500	58.36700
R6-E8x128-U-C	11.652	2.59090	2.27100	4.92700	8.25500
R6-E8x128-U-B	10.792	2.80791	2.47900	5.24700	8.63900
R6-E8x128-U-A	7.231	4.20314	4.04700	8.83100	12.22300
R6-E8x128-Z-C	11.074	2.72817	2.41500	5.72700	7.71100
R6-E8x128-Z-B	8.764	3.52834	3.23100	7.32700	9.79100
R6-E8x128-Z-A	1.556	19.67501	17.66300	40.95900	49.15100
R6-E16x64-U-C	9.392	3.17342	2.84700	6.46300	9.98300
R6-E16x64-U-B	9.150	3.37104	3.02300	6.75100	10.11100
R6-E16x64-U-A	7.486	4.06253	4.28700	6.75100	11.32700
R6-E16x64-Z-C	9.056	3.35410	2.95900	7.19900	9.47100
R6-E16x64-Z-B	7.237	4.20893	3.72700	9.15100	11.83900
R6-E16x64-Z-A	1.500	20.41863	18.43100	43.77500	51.45500
R6-E32x32-U-C	8.657	3.51174	3.19900	7.10300	11.96700
R6-E32x32-U-B	8.058	3.78299	3.31100	7.58300	11.90300
R6-E32x32-U-A	6.393	4.78353	4.04700	9.21500	13.69500
R6-E32x32-Z-C	8.245	3.69831	3.16700	8.15900	10.62300
R6-E32x32-Z-B	6.483	4.70947	4.07900	10.62300	13.63100
R6-E32x32-Z-A	1.367	22.43719	20.86300	48.12700	56.57500
R6-E64x16-U-C	6.245	4.89705	4.54300	10.62300	15.55100
R6-E64x16-U-B	5.989	5.10854	4.76700	10.87900	15.55100
R6-E64x16-U-A	5.111	5.99795	5.56700	12.41500	15.93500
R6-E64x16-Z-C	6.312	4.84518	4.38300	10.87900	14.27100
R6-E64x16-Z-B	5.054	6.06174	5.50300	13.56700	17.27900
R6-E64x16-Z-A	1.224	25.07290	23.80700	53.75900	65.02300
R6-E128x8-U-C	4.498	6.81438	6.30300	15.67900	25.59900
R6-E128x8-U-B	4.380	6.99886	6.52700	15.48700	23.55100
R6-E128x8-U-A	3.862	7.94307	7.48700	16.89500	24.06300
R6-E128x8-Z-C	4.457	6.87763	6.39900	15.67900	25.59900
R6-E128x8-Z-B	3.779	8.11652	7.51900	18.17500	24.31900
R6-E128x8-Z-A	1.059	28.99107	28.15900	58.11100	71.16700
R6-D4-U-C	13.930	2.08916	1.95100	3.75900	6.94300
R6-D4-U-B	12.690	2.31495	2.17500	4.07900	7.23100
R6-D4-U-A	8.146	3.65470	3.48700	7.77500	10.75100
R6-D4-Z-C	13.013	2.24532	2.12700	4.63900	6.59100
R6-D4-Z-B	9.696	3.06252	2.94300	6.11100	8.31900
R6-D4-Z-A	1.598	19.06842	17.27900	38.14300	46.84700
R6-D8-U-C	13.782	2.12708	2.00700	3.87100	7.00700
R6-D8-U-B	12.649	2.33232	2.20700	4.12700	7.16700
R6-D8-U-A	8.096	3.69141	3.43900	7.83900	10.81500
R6-D8-Z-C	12.850	2.29012	2.17500	4.76700	6.78300
R6-D8-Z-B	9.704	3.06956	2.95900	6.17500	8.51100
R6-D8-Z-A	1.607	18.98809	17.53500	37.37500	46.33500
R6-D16-U-C	13.681	2.16330	2.09500	3.87100	7.13500
R6-D16-U-B	12.495	2.38395	2.27100	4.19100	7.42300
R6-D16-U-A	8.431	3.56127	3.51900	6.20700	9.40700
R6-D16-Z-C	12.893	2.30146	2.23900	4.63900	6.49500
R6-D16-Z-B	9.572	3.13494	3.02300	6.23900	8.51100
R6-D16-Z-A	1.605	19.02406	17.66300	37.37500	45.56700
R6-D24-U-C	13.300	2.23611	2.15900	3.95100	7.07100
R6-D24-U-B	12.281	2.43425	2.35100	4.22300	7.32700
R6-D24-U-A	8.074	3.72334	3.34300	7.23100	10.49500
R6-D24-Z-C	12.604	2.36399	2.30300	4.73500	6.65500
R6-D24-Z-B	9.359	3.21494	3.10300	6.36700	8.63900
R6-D24-Z-A	1.604	19.04439	18.04700	37.11900	48.63900
R6-D32-U-C	13.406	2.22564	2.15900	3.95100	7.10300
R6-D32-U-B	12.278	2.44448	2.33500	4.31900	7.58300
R6-D32-U-A	7.756	3.88676	3.80700	8.44700	11.39100
R6-D32-Z-C	12.568	2.38081	2.28700	4.86300	6.97500
R6-D32-Z-B	9.406	3.20965	3.10300	6.43100	8.76700
R6-D32-Z-A	1.621	18.85350	17.27900	49.40700	60.41500
R6-D48-U-C	12.904	2.32713	2.23900	4.22300	7.35900
R6-D48-U-B	11.982	2.51759	2.43100	4.38300	7.64700
R6-D48-U-A	8.107	3.72998	3.27900	8.76700	11.26300
R6-D48-Z-C	12.235	2.45872	2.38300	4.92700	6.78300
R6-D48-Z-B	9.192	3.29638	3.18300	6.71900	9.02300
R6-D48-Z-A	1.641	18.64041	16.38300	50.17500	58.36700
R6-D64-U-C	12.612	2.38948	2.30300	4.28700	7.42300
R6-D64-U-B	11.637	2.60056	2.49500	4.63900	7.67900
R6-D64-U-A	7.416	4.09118	3.87100	9.98300	12.73500
R6-D64-Z-C	11.924	2.53067	2.46300	5.02300	7.03900
R6-D64-Z-B	8.994	3.37690	3.24700	6.81500	9.15100
R6-D64-Z-A	1.585	19.30855	16.89500	51.71100	61.43900
R6-D96-U-C	12.116	2.49822	2.39900	4.60700	7.83900
R6-D96-U-B	11.139	2.72202	2.57500	4.89500	8.38300
R6-D96-U-A	7.148	4.25625	3.99900	9.72700	13.24700
R6-D96-Z-C	11.441	2.64866	2.52700	5.31100	7.26300
R6-D96-Z-B	8.716	3.49515	3.34300	6.97500	9.40700
R6-D96-Z-A	1.560	19.63879	17.40700	50.68700	65.02300
R6-D128-U-C	11.390	2.66610	2.55900	4.79900	8.25500
R6-D128-U-B	10.730	2.83252	2.71900	5.05500	8.44700
R6-D128-U-A	6.961	4.37870	4.19100	10.17500	13.63100
R6-D128-Z-C	11.029	2.75452	2.63900	5.56700	7.64700
R6-D128-Z-B	8.549	3.56910	3.43900	7.16700	9.66300
R6-D128-Z-A	1.594	19.22931	17.02300	48.63900	56.31900
R6-C1-U-C	10.931	2.77141	2.60700	5.18300	8.44700
R6-C1-U-B	10.337	2.93362	2.76700	5.43900	8.89500
R6-C1-U-A	7.106	4.27211	3.83900	8.25500	12.35100
R6-C1-Z-C	10.503	2.88546	2.67100	5.79100	7.96700
R6-C1-Z-B	8.449	3.59714	3.42300	7.13500	9.59900
R6-C1-Z-A	1.562	19.59389	17.79100	41.47100	49.15100
R6-C2-U-C	11.908	2.53492	2.41500	4.60700	7.77500
R6-C2-U-B	11.207	2.70269	2.59100	4.83100	8.25500
R6-C2-U-A	7.296	4.15918	3.83900	9.53500	12.79900
R6-C2-Z-C	11.166	2.70700	2.60700	5.40700	7.45500
R6-C2-Z-B	8.785	3.45813	3.31100	6.84700	9.27900
R6-C2-Z-A	1.639	18.67999	16.89500	45.31100	58.11100
R6-C3-U-C	12.123	2.48812	2.38300	4.41500	7.48700
R6-C3-U-B	11.328	2.67281	2.55900	4.73500	7.99900
R6-C3-U-A	7.340	4.13423	3.87100	9.66300	12.67100
R6-C3-Z-C	11.475	2.63296	2.52700	5.27900	7.29500
R6-C3-Z-B	8.930	3.40153	3.27900	6.71900	9.08700
R6-C3-Z-A	1.656	18.48359	16.51100	46.84700	58.87900
R6-C4-U-C	12.442	2.42343	2.33500	4.31900	7.42300
R6-C4-U-B	11.640	2.59993	2.51100	4.57500	7.87100
R6-C4-U-A	7.412	4.09280	3.85500	9.72700	12.60700
R6-C4-Z-C	11.949	2.52591	2.46300	4.89500	6.71900
R6-C4-Z-B	9.258	3.27977	3.19900	6.30300	8.51100
R6-C4-Z-A	1.686	18.15286	16.12700	47.10300	58.36700
R6-C5-U-C	12.773	2.35917	2.31900	4.09500	7.35900
R6-C5-U-B	11.807	2.56265	2.52700	4.47900	7.74300
R6-C5-U-A	7.530	4.02868	3.82300	9.40700	12.09500
R6-C5-Z-C	11.716	2.57707	2.49500	5.15100	7.13500
R6-C5-Z-B	9.195	3.30247	3.19900	6.46300	8.76700
R6-C5-Z-A	1.681	18.20618	16.12700	47.35900	58.36700
R6-C6-U-C	12.492	2.41349	2.33500	4.28700	7.45500
R6-C6-U-B	11.640	2.59951	2.51100	4.57500	7.71100
R6-C6-U-A	7.418	4.09026	3.82300	9.72700	12.54300
R6-C6-Z-C	11.846	2.54843	2.46300	5.08700	7.07100
R6-C6-Z-B	9.168	3.31224	3.21500	6.46300	8.76700
R6-C6-Z-A	1.677	18.25250	16.12700	47.61500	58.11100
R6-C7-U-C	12.567	2.40445	2.31900	4.28700	7.39100
R6-C7-U-B	11.656	2.59635	2.52700	4.54300	7.71100
R6-C7-U-A	7.582	4.00072	3.77500	9.34300	12.22300
R6-C7-Z-C	11.610	2.60149	2.51100	5.18300	7.13500
R6-C7-Z-B	9.085	3.34270	3.21500	6.62300	8.95900
R6-C7-Z-A	1.663	18.40371	16.19100	47.61500	58.36700
R6-C8-U-C	12.920	2.33112	2.25500	4.12700	7.39100
R6-C8-U-B	12.107	2.49505	2.43100	4.31900	7.55100
R6-C8-U-A	7.619	3.98116	3.77500	9.53500	12.22300
R6-C8-Z-C	11.966	2.52219	2.43100	5.08700	7.03900
R6-C8-Z-B	9.436	3.21718	3.11900	6.33500	8.63900
R6-C8-Z-A	1.705	17.94537	15.74300	48.12700	57.59900
R6-C9-U-C	12.867	2.34067	2.27100	4.07900	7.23100
R6-C9-U-B	11.886	2.54150	2.46300	4.41500	7.67900
R6-C9-U-A	7.569	4.00767	3.80700	9.66300	12.28700
R6-C9-Z-C	11.922	2.53120	2.44700	5.24700	7.13500
R6-C9-Z-B	9.455	3.21080	3.13500	6.20700	8.44700
R6-C9-Z-A	1.677	18.10256	15.87100	48.63900	58.36700
R6-C10-U-C	12.923	2.33048	2.27100	4.07900	7.26300
R6-C10-U-B	12.090	2.49724	2.43100	4.31900	7.48700
R6-C10-U-A	7.664	3.95690	3.75900	9.53500	12.22300
R6-C10-Z-C	12.101	2.49344	2.41500	4.99100	6.91100
R6-C10-Z-B	9.473	3.20453	3.08700	6.52700	8.83100
R6-C10-Z-A	1.733	17.66088	15.55100	47.10300	56.31900
R6-C11-U-C	12.801	2.35301	2.27100	4.19100	7.48700
R6-C11-U-B	11.953	2.52742	2.44700	4.38300	7.58300
R6-C11-U-A	7.574	4.00510	3.79100	9.66300	12.35100
R6-C11-Z-C	11.899	2.53612	2.44700	5.11900	7.16700
R6-C11-Z-B	9.302	3.26404	3.13500	6.68700	9.02300
R6-C11-Z-A	1.697	18.03718	15.87100	48.12700	57.59900
R6-C12-U-C	12.857	2.34319	2.27100	4.12700	7.26300
R6-C12-U-B	11.993	2.51729	2.44700	4.44700	7.51900
R6-C12-U-A	7.566	4.00872	3.80700	9.66300	12.28700
R6-C12-Z-C	12.112	2.49099	2.41500	5.05500	7.00700
R6-C12-Z-B	9.529	3.18522	3.10300	6.14300	8.38300
R6-C12-Z-A	1.714	17.85915	15.67900	47.61500	56.83100
R6-C13-U-C	12.832	2.34806	2.27100	4.12700	7.42300
R6-C13-U-B	11.882	2.54109	2.46300	4.51100	7.71100
R6-C13-U-A	7.578	4.00319	3.79100	9.66300	12.41500
R6-C13-Z-C	12.048	2.50446	2.43100	5.05500	6.94300
R6-C13-Z-B	9.336	3.25218	3.13500	6.46300	8.70300
R6-C13-Z-A	1.685	18.15939	15.93500	48.63900	58.11100
R6-C14-U-C	12.854	2.34346	2.27100	4.12700	7.26300
R6-C14-U-B	11.939	2.52911	2.44700	4.51100	7.61500
R6-C14-U-A	7.546	4.02024	3.80700	9.79100	12.28700
R6-C14-Z-C	12.069	2.50012	2.41500	5.02300	6.97500
R6-C14-Z-B	9.359	3.24372	3.13500	6.46300	8.76700
R6-C14-Z-A	1.695	18.05341	15.80700	48.38300	57.85500
R6-C15-U-C	13.076	2.30278	2.23900	4.06300	7.13500
R6-C15-U-B	12.059	2.50332	2.44700	4.41500	7.42300
R6-C15-U-A	7.662	3.95874	3.75900	9.40700	11.96700
R6-C15-Z-C	12.174	2.47685	2.39900	4.92700	6.84700
R6-C15-Z-B	9.539	3.18194	3.10300	6.14300	8.38300
R6-C15-Z-A	1.713	17.86652	15.67900	47.87100	57.08700
R6-C16-U-C	13.015	2.31387	2.25500	4.09500	7.16700
R6-C16-U-B	12.024	2.51049	2.44700	4.35100	7.51900
R6-C16-U-A	7.633	3.97314	3.77500	9.53500	12.22300
R6-C16-Z-C	12.322	2.44746	2.38300	4.76700	6.52700
R6-C16-Z-B	9.521	3.18819	3.10300	6.14300	8.31900
R6-C16-Z-A	1.728	17.70525	15.55100	47.35900	56.57500
R6-Q1-U-C	12.973	2.32093	2.25500	4.06300	7.07100
R6-Q1-U-B	12.076	2.49827	2.43100	4.47900	7.61500
R6-Q1-U-A	7.652	3.96286	3.77500	9.47100	12.15900
R6-Q1-Z-C	12.197	2.47323	2.38300	5.02300	6.84700
R6-Q1-Z-B	9.457	3.21012	3.10300	6.33500	8.51100
R6-Q1-Z-A	1.728	17.71408	15.55100	47.35900	56.57500
R6-Q2-U-C	12.944	2.32716	2.25500	4.12700	7.23100
R6-Q2-U-B	12.002	2.51493	2.43100	4.47900	7.55100
R6-Q2-U-A	7.610	3.98573	3.79100	9.59900	12.28700
R6-Q2-Z-C	12.135	2.48634	2.39900	5.02300	7.00700
R6-Q2-Z-B	9.465	3.20724	3.10300	6.36700	8.51100
R6-Q2-Z-A	1.721	17.78684	15.61500	47.35900	56.83100
R6-Q4-U-C	12.977	2.31944	2.25500	4.04700	7.26300
R6-Q4-U-B	12.095	2.49564	2.44700	4.35100	7.39100
R6-Q4-U-A	7.635	3.97273	3.77500	9.47100	12.09500
R6-Q4-Z-C	12.178	2.47683	2.39900	4.95900	6.84700
R6-Q4-Z-B	9.498	3.19602	3.10300	6.23900	8.51100
R6-Q4-Z-A	1.720	17.79329	15.67900	47.35900	56.57500
R6-Q8-U-C	12.659	2.38020	2.30300	4.25500	7.45500
R6-Q8-U-B	11.858	2.55030	2.46300	4.54300	7.74300
R6-Q8-U-A	7.495	4.04763	3.83900	9.79100	12.47900
