R6-OP-U	1786097700
R6-OP-Z	1786098016
R6-P1-U	1786098313
R6-P1-Z	1786098608
R6-P8-U	1786098885
R6-P8-Z	1786099159
R6-P32-U	1786099456
R6-P32-Z	1786099751
R6-P64-U	1786100068
R6-P64-Z	1786100363
R6-P128-U	1786100619
R6-P128-Z	1786100914
R6-P256-U	1786101190
R6-P256-Z	1786101464
R6-P384-U	1786101762
R6-P384-Z	1786102056
R6-P512-U	1786102333
R6-P512-Z	1786102607
R6-E1x1024-U	1786102925
R6-E1x1024-Z	1786103240
R6-E2x512-U	1786103579
R6-E2x512-Z	1786103873
R6-E4x256-U	1786104170
R6-E4x256-Z	1786104465
R6-E8x128-U	1786104762
R6-E8x128-Z	1786105077
R6-E16x64-U	1786105375
R6-E16x64-Z	1786105650
R6-E32x32-U	1786105927
R6-E32x32-Z	1786106201
R6-E64x16-U	1786106478
R6-E64x16-Z	1786106752
R6-E128x8-U	1786107049
R6-E128x8-Z	1786107345
R6-D4-U	1786107668
R6-D4-Z	1786107963
R6-D8-U	1786108286
R6-D8-Z	1786108582
R6-D16-U	1786108905
R6-D16-Z	1786109200
R6-D24-U	1786109503
R6-D24-Z	1786109819
R6-D32-U	1786110163
R6-D32-Z	1786110479
R6-D48-U	1786110740
R6-D48-Z	1786111056
R6-D64-U	1786111358
R6-D64-Z	1786111654
R6-D96-U	1786111957
R6-D96-Z	1786112211
R6-D128-U	1786112494
R6-D128-Z	1786112768
R6-C1-U	1786113087
R6-C1-Z	1786113383
R6-C2-U	1786113697
R6-C2-Z	1786113993
R6-C3-U	1786114307
R6-C3-Z	1786114623
R6-C4-U	1786114937
R6-C4-Z	1786115211
R6-C5-U	1786115505
R6-C5-Z	1786115800
R6-C6-U	1786116094
R6-C6-Z	1786116513
R6-C7-U	1786116828
R6-C7-Z	1786117123
R6-C8-U	1786117459
R6-C8-Z	1786117733
R6-C9-U	1786118026
R6-C9-Z	1786118323
R6-C10-U	1786118644
R6-C10-Z	1786118939
R6-C11-U	1786119254
R6-C11-Z	1786119549
R6-C12-U	1786119843
R6-C12-Z	1786120138
R6-C13-U	1786120452
R6-C13-Z	1786120747
R6-C14-U	1786121040
R6-C14-Z	1786121336
R6-C15-U	1786121650
R6-C15-Z	1786121945
R6-C16-U	1786122239
R6-C16-Z	1786122534
R6-Q1-U	1786122827
R6-Q1-Z	1786123143
R6-Q2-U	1786123437
R6-Q2-Z	1786123732
R6-Q4-U	1786124026
R6-Q4-Z	1786124321
R6-Q8-U	1786124635
R6-Q8-Z	1786124931
R6-Q16-U	1786125226
R6-Q16-Z	1786125521
R6-Q64-U	1786125888
R6-Q64-Z	1786126204
R6-O1-U	1786126519
R6-OPX-U	1786126835
R6-OPX-Z	1786127129
R6-O1-U	1786127445
R6-O1-Z	1786127740
R6-O2-U	1786128055
R6-O2-Z	1786128350
R6-O4-U	1786128685
R6-O4-Z	1786128960
R6-O8-U	1786129273
R6-O8-Z	1786129568
R6-O16-U	1786129861
R6-O16-Z	1786130157
R6-S16x16-U	1786130453
